"X","X0","X1","X2","X3","surname","firstname","good_closest","bad_closest","good_closest_norm","bad_closest_norm","score","party","state","district","zero","info"
"Ralph Abraham",-32.917106065,-0.798302958684,-0.165800062349,1.5816567809,"abraham","ralph",69.5195947214,1.78886134909,0.974913755708,0.0250862442923,0.474913755708,1,"LA",5,0,"Ralph Abraham, LA"
"Alma Adams",38.3761924257,-0.173541499137,0.456597260357,-0.372084250723,"adams","alma",1.71880714658,67.6806028431,0.0247668841398,0.97523311586,-0.47523311586,0,"NC",12,0,"Alma Adams, NC"
"Robert B. Aderholt",-31.1144746314,-1.75589909276,-5.03263533891,-0.588195366758,"aderholt","robert",67.8923213597,1.42281961022,0.979473177284,0.020526822716,0.479473177284,1,"AL",4,0,"Robert B. Aderholt, AL"
"Pete Aguilar",34.7338877557,-2.26466972463,-4.73922650321,8.79427633306,"aguilar","pete",5.59905299589,63.3289830546,0.0812304153247,0.918769584675,-0.418769584675,0,"CA",31,0,"Pete Aguilar, CA"
"Rick Allen",-33.6607022548,-0.155271861606,3.85065006633,3.67891338628,"allen","rick",70.392730596,4.44317551386,0.940627758187,0.0593722418131,0.440627758187,1,"GA",12,0,"Rick Allen, GA"
"Justin Amash",-23.3646423352,0.27419656237,16.0024278221,-9.30608097336,"amash","justin",62.2599234861,10.906545641,0.85093519243,0.14906480757,0.35093519243,1,"MI",3,0,"Justin Amash, MI"
"Mark Amodei",-29.5029441925,-0.912160086665,-7.24448102514,-1.8548706951,"amodei","mark",66.4169508817,2.24290536419,0.967333089715,0.0326669102853,0.467333089715,1,"NV",2,0,"Mark Amodei, NV"
"Jodey Arrington",-9.12696955053,17.3825536026,3.22873949216,-0.149340953096,"arrington","jodey",48.2822489234,27.8907841949,0.633849630858,0.366150369142,0.133849630858,1,"TX",19,0,"Jodey Arrington, TX"
"Brian Babin",-33.5002450436,-0.365016307269,6.43845280304,2.86705465728,"babin","brian",70.4614990148,3.03458130882,0.958710977572,0.0412890224276,0.458710977572,1,"TX",36,0,"Brian Babin, TX"
"Don Bacon",-8.49556937903,16.210726903,1.75170307579,-1.18335954964,"bacon","don",47.2212571845,28.0140563448,0.627647509784,0.372352490216,0.127647509784,1,"NE",2,0,"Don Bacon, NE"
"Jim Banks",-9.26161068773,17.6473074839,3.89865809288,0.156553461979,"banks","jim",48.5543523306,27.8388005936,0.635585133903,0.364414866097,0.135585133903,1,"IN",3,0,"Jim Banks, IN"
"Lou Barletta",-28.0344689726,-2.08295543556,-7.97594935338,-2.63699163586,"barletta","lou",65.1000313573,2.36360556546,0.964964747332,0.0350352526676,0.464964747332,1,"PA",11,0,"Lou Barletta, PA"
"Andy Barr",-32.8944975738,-0.817213865365,-0.274993494475,2.77553518416,"barr","andy",69.4968116434,1.79464910713,0.974826590896,0.0251734091045,0.474826590896,1,"KY",6,0,"Andy Barr, KY"
"Nanette Barragán",15.0074771587,-15.3600936368,6.67327436035,-3.58150890183,"barragán","nanette",28.8055240877,48.9592284465,0.370418771345,0.629581228655,-0.129581228655,0,"CA",44,0,"Nanette Barragán, CA"
"Joe L. Barton",-32.3743275513,-0.326648554306,0.838234864584,1.42123194561,"barton","joe",68.9758488495,1.36083588216,0.980652544439,0.0193474555611,0.480652544439,1,"TX",6,0,"Joe L. Barton, TX"
"Karen Bass",37.5471655243,0.617698080508,0.321113350198,-3.56751947438,"bass","karen",1.88449997817,66.8539594205,0.0274155108313,0.972584489169,-0.472584489169,0,"CA",37,0,"Karen Bass, CA"
"Joyce Beatty",38.8125035249,1.02062673972,-1.92092288937,0.628721253808,"beatty","joyce",0.577775291595,67.7473451137,0.00845626452127,0.991543735479,-0.491543735479,0,"OH",3,0,"Joyce Beatty, OH"
"Ami Bera",34.7421589141,-1.11704769839,-5.03673377222,9.765110234,"bera","ami",5.23066616377,63.2904694816,0.0763365363768,0.923663463623,-0.423663463623,0,"CA",7,0,"Ami Bera, CA"
"Jack Bergman",-8.63795005078,16.5272901939,2.07736095423,-0.938742171826,"bergman","jack",47.4705744537,28.0046362347,0.628955838887,0.371044161113,0.128955838887,1,"MI",1,0,"Jack Bergman, MI"
"Donald Beyer",37.7092456879,0.833017898967,-0.868195192029,0.215692114453,"beyer","donald",0.832256359541,66.8146045968,0.0123029560836,0.987697043916,-0.487697043916,0,"VA",8,0,"Donald Beyer, VA"
"Andy Biggs",-9.0631030415,17.4532539978,4.14849639493,0.138621596715,"biggs","andy",48.3309911101,27.8450854881,0.634464168652,0.365535831348,0.134464168652,1,"AZ",5,0,"Andy Biggs, AZ"
"Gus Bilirakis",-32.5995886594,-1.22416269256,1.65654108556,1.96063236786,"bilirakis","gus",69.264927955,2.19647655967,0.969263456623,0.0307365433774,0.469263456623,1,"FL",12,0,"Gus Bilirakis, FL"
"Sanford D. Bishop Jr.",31.5520667086,-2.90724686051,-4.23551281491,7.74456499084,"jr.","sanford",7.90760156978,60.2473609299,0.116023856221,0.883976143779,-0.383976143779,0,"GA",2,0,"Sanford D. Bishop Jr., GA"
"Mike Bishop",-32.0347254167,-0.686151437367,-2.67753066731,0.813525516255,"bishop","mike",68.6533486879,1.12329664028,0.983901538473,0.0160984615268,0.483901538473,1,"MI",8,0,"Mike Bishop, MI"
"Rob Bishop",-31.2711647897,-0.21239152205,1.93808249823,2.27726167696,"bishop","rob",67.9062145023,1.7899390291,0.974317965362,0.0256820346376,0.474317965362,1,"UT",1,0,"Rob Bishop, UT"
"Diane Black",-31.7273701981,-1.00034681278,4.44181716217,3.33951374799,"black","diane",68.5429949741,3.97142805741,0.945232577308,0.0547674226916,0.445232577308,1,"TN",6,0,"Diane Black, TN"
"Marsha Blackburn",-33.4655460589,-0.024061991753,5.93691382426,3.19312303005,"blackburn","marsha",70.3649588754,3.15942504312,0.957028881104,0.0429711188961,0.457028881104,1,"TN",7,0,"Marsha Blackburn, TN"
"Rod Blum",-30.1103066596,-0.833783427715,4.41584567453,-0.679906827805,"blum","rod",66.9228700452,4.01197277581,0.943441437011,0.056558562989,0.443441437011,1,"IA",1,0,"Rod Blum, IA"
"Earl Blumenauer",38.7422012314,1.36963262381,2.70423267876,-5.16318104019,"blumenauer","earl",0.39754746259,68.5130307068,0.00576903391541,0.994230966085,-0.494230966085,0,"OR",3,0,"Earl Blumenauer, OR"
"Lisa Blunt Rochester",15.1630127131,-15.8216790337,6.27740702965,-2.3266822443,"rochester","lisa",28.8742549064,49.2293497719,0.369691706616,0.630308293384,-0.130308293384,0,"DE",1,0,"Lisa Blunt Rochester, DE"
"Suzanne Bonamici",39.7553615094,1.19210100383,1.08543860094,-2.63791248649,"bonamici","suzanne",0.791103574476,69.1791170969,0.0113062895455,0.988693710454,-0.488693710454,0,"OR",1,0,"Suzanne Bonamici, OR"
"Mike Bost",-28.8235416088,-1.0467534102,-9.50605727034,-2.23464955502,"bost","mike",66.0056390999,1.33781178426,0.980134493159,0.0198655068414,0.480134493159,1,"IL",12,0,"Mike Bost, IL"
"Brendan Boyle",37.1166159823,0.373082031541,-1.49978292071,2.35901607936,"boyle","brendan",1.29014423369,66.1189495944,0.0191390235416,0.980860976458,-0.480860976458,0,"PA",13,0,"Brendan Boyle, PA"
"Robert A. Brady",38.2238414244,1.08178846816,-0.443952799285,-0.988767443226,"brady","robert",1.00752547457,67.3988944183,0.0147285222081,0.985271477792,-0.485271477792,0,"PA",1,0,"Robert A. Brady, PA"
"Kevin Brady",-32.1211063167,-1.09907867306,-0.597950076724,2.54956598784,"brady","kevin",68.7352370219,1.37041177209,0.980452191861,0.019547808139,0.480452191861,1,"TX",8,0,"Kevin Brady, TX"
"David A. Brat",-32.7493016655,0.703672938913,9.87400584056,0.951126313992,"brat","david",70.1272622687,0.969576334025,0.986362595678,0.0136374043218,0.486362595678,1,"VA",7,0,"David A. Brat, VA"
"Jim Bridenstine",-29.0509949739,-5.90661686172,5.57766220204,-0.378256786632,"bridenstine","jim",66.4008774191,7.49718716331,0.898546907748,0.101453092252,0.398546907748,1,"OK",1,0,"Jim Bridenstine, OK"
"Mo Brooks",-30.3128462671,0.486795383456,8.95805399751,-0.809462762618,"brooks","mo",67.5871747905,1.43644339828,0.979189103151,0.0208108968491,0.479189103151,1,"AL",5,0,"Mo Brooks, AL"
"Susan Brooks",-30.9924749394,-1.76230648796,-6.8366417104,-0.566416044121,"brooks","susan",67.9057590832,1.02742726007,0.985095317443,0.0149046825568,0.485095317443,1,"IN",5,0,"Susan Brooks, IN"
"Anthony Brown",15.1288838789,-15.6877939077,6.34762701954,-2.72713941036,"brown","anthony",28.8335768664,49.1642768691,0.369671413834,0.630328586166,-0.130328586166,0,"MD",4,0,"Anthony Brown, MD"
"Julia Brownley",36.4933341667,-1.08180356293,-4.25948665547,7.96798115026,"brownley","julia",3.64873030414,65.1167108052,0.0530605235025,0.946939476497,-0.446939476497,0,"CA",26,0,"Julia Brownley, CA"
"Vern Buchanan",-28.0902799429,-0.343083821935,-5.28771041342,-1.73145996962,"buchanan","vern",64.8249263685,4.05640593499,0.941110228282,0.0588897717181,0.441110228282,1,"FL",16,0,"Vern Buchanan, FL"
"Ken Buck",-31.3144720879,1.28318718923,8.16881528984,0.296364182462,"buck","ken",68.453622711,0.499784866252,0.992751846735,0.00724815326484,0.492751846735,1,"CO",4,0,"Ken Buck, CO"
"Larry Bucshon",-31.1220930645,-2.14815380386,-7.18367288525,-1.07142053878,"bucshon","larry",68.0896847185,0.969384500073,0.985962966037,0.014037033963,0.485962966037,1,"IN",8,0,"Larry Bucshon, IN"
"Ted Budd",-9.37803466758,17.8466996807,3.96603637464,0.344566800391,"budd","ted",48.7343456316,27.858514037,0.636277922543,0.363722077457,0.136277922543,1,"NC",13,0,"Ted Budd, NC"
"Michael C. Burgess",-32.6722002054,0.188113532924,8.63045231178,-1.03998096481,"burgess","michael",69.8843045659,1.08863996841,0.98466119765,0.01533880235,0.48466119765,1,"TX",26,0,"Michael C. Burgess, TX"
"Cheri Bustos",35.8015073485,-1.48479589799,-5.19246352487,9.07030027646,"bustos","cheri",4.85572974763,64.3302249422,0.0701837500025,0.929816249997,-0.429816249997,0,"IL",17,0,"Cheri Bustos, IL"
"G. K. Butterfield",37.9216130793,-0.251457026409,-1.80182206725,0.374621375155,"butterfield","g.",1.15090137146,66.8597069916,0.0169223801869,0.983077619813,-0.483077619813,0,"NC",1,0,"G. K. Butterfield, NC"
"Bradley Byrne",-32.7715731012,-0.0400510212668,1.01485154093,2.41931655397,"byrne","bradley",69.3673023213,1.8321198511,0.974267770788,0.025732229212,0.474267770788,1,"AL",1,0,"Bradley Byrne, AL"
"Ken Calvert",-30.5860834416,-1.12737623857,-9.34997558782,-1.81287984752,"calvert","ken",67.7355299231,1.38093582512,0.980020161474,0.0199798385257,0.480020161474,1,"CA",42,0,"Ken Calvert, CA"
"Michael E. Capuano",39.4758543774,1.35551629504,1.65131976601,-4.23212657611,"capuano","michael",0.607636841341,69.0173680412,0.00872727897637,0.991272721024,-0.491272721024,0,"MA",7,0,"Michael E. Capuano, MA"
"Salud Carbajal",14.6097077573,-15.3200809651,5.96362393179,-1.66250741178,"carbajal","salud",28.9037803882,48.5139750957,0.373348209432,0.626651790568,-0.126651790568,0,"CA",24,0,"Salud Carbajal, CA"
"Tony Cardenas",37.0880519185,-0.25992074765,0.808116192247,0.297022648462,"cardenas","tony",2.71199602786,66.4786762193,0.0391959774314,0.960804022569,-0.460804022569,0,"CA",29,0,"Tony Cardenas, CA"
"André Carson",39.0348038762,1.0668561878,-0.507247615567,-2.04970412,"carson","andré",0.252514136708,68.1872646796,0.00368958142582,0.996310418574,-0.496310418574,0,"IN",7,0,"André Carson, IN"
"Buddy Carter",-32.8435056866,-0.863196771719,2.50559479924,2.35865082443,"carter","buddy",69.5274432015,2.89533645518,0.960021743588,0.0399782564119,0.460021743588,1,"GA",1,0,"Buddy Carter, GA"
"John Carter",-31.0786141705,0.0220983692724,-1.95509036314,1.60858758281,"carter","john",67.6562031118,2.03809834879,0.970756599807,0.0292434001931,0.470756599807,1,"TX",31,0,"John Carter, TX"
"Matt Cartwright",38.5925295624,0.692107150306,-1.07210802935,0.636175828723,"cartwright","matt",0.384189568844,67.6500381505,0.00564700418779,0.994352995812,-0.494352995812,0,"PA",17,0,"Matt Cartwright, PA"
"Kathy Castor",38.7644888076,1.06625911399,-0.91050049333,0.0348599469484,"castor","kathy",0.705537001375,67.8551883799,0.0102906875248,0.989709312475,-0.489709312475,0,"FL",14,0,"Kathy Castor, FL"
"Joaquín Castro",37.6496747646,-0.151191004785,-0.469793719684,0.220130121856,"castro","joaquín",1.44600896028,66.8037881609,0.0211870074531,0.978812992547,-0.478812992547,0,"TX",20,0,"Joaquín Castro, TX"
"Steven J. Chabot",-34.1054942088,-0.468575456534,4.60955235688,3.8708424881,"chabot","steven",70.9021578398,4.61377582946,0.938903280337,0.0610967196627,0.438903280337,1,"OH",1,0,"Steven J. Chabot, OH"
"Liz Cheney",-8.95557781798,17.0642996294,2.8004382485,-0.27017650261,"cheney","liz",47.9862662557,27.9151612525,0.632218231343,0.367781768657,0.132218231343,1,"WY",1,0,"Liz Cheney, WY"
"Judy Chu",39.1407389971,1.02030839265,0.764693731168,-4.46334918892,"chu","judy",1.14388634246,68.5112364222,0.0164221423646,0.983577857635,-0.483577857635,0,"CA",27,0,"Judy Chu, CA"
"David Cicilline",39.8966916137,1.03441586815,0.100445431795,-1.77901713556,"cicilline","david",0.803180158029,69.1377831786,0.0114836873802,0.98851631262,-0.48851631262,0,"RI",1,0,"David Cicilline, RI"
"Katherine Clark",39.973607652,2.21931213799,1.64487050174,-4.77032729762,"clark","katherine",0.920992453647,69.5374871289,0.0130714210568,0.986928578943,-0.486928578943,0,"MA",5,0,"Katherine Clark, MA"
"Yvette D. Clarke",40.165609724,1.62481657792,1.52502221802,-4.79889512528,"clarke","yvette",0.428102950592,69.6787920354,0.0061064314812,0.993893568519,-0.493893568519,0,"NY",9,0,"Yvette D. Clarke, NY"
"William Lacy Clay",38.7083251519,0.689797081249,-0.163970401189,-0.94011871283,"clay","william",0.683837409684,67.9132883938,0.00996889303559,0.990031106964,-0.490031106964,0,"MO",1,0,"William Lacy Clay, MO"
"Emanuel Cleaver II",35.3194256224,1.11841556443,-0.437742970494,-1.01443748705,"ii","emanuel",1.70330656464,64.5409919435,0.0257125005925,0.974287499407,-0.474287499407,0,"MO",5,0,"Emanuel Cleaver II, MO"
"James E. Clyburn",36.7274555673,2.06523859252,-1.20790713256,1.08516829853,"clyburn","james",0.422210421175,65.8349856094,0.00637229533499,0.993627704665,-0.493627704665,0,"SC",6,0,"James E. Clyburn, SC"
"Mike Coffman",-31.1100400637,-0.982217177464,-0.254932928579,0.914033881972,"coffman","mike",67.7219962103,0.69687139884,0.989814631209,0.0101853687907,0.489814631209,1,"CO",6,0,"Mike Coffman, CO"
"Steve Cohen",38.8908204434,0.979329224321,1.77390635631,-3.32330776074,"cohen","steve",0.932893002835,68.4566712758,0.0134442839141,0.986555716086,-0.486555716086,0,"TN",9,0,"Steve Cohen, TN"
"Tom Cole",-29.6502921344,-2.08030459358,-9.70098261446,-2.47247826414,"cole","tom",66.908476737,0,1,0,0.5,1,"OK",4,0,"Tom Cole, OK"
"Doug Collins",-33.2634792653,-0.407806949736,5.12088635613,2.46060702805,"collins","doug",70.1028607162,3.71236887565,0.949707277263,0.0502927227373,0.449707277263,1,"GA",9,0,"Doug Collins, GA"
"Chris Collins",-30.2252102327,-1.71571170988,-6.61385648056,-1.38550575715,"collins","chris",67.1206625549,1.64258772778,0.976112418755,0.0238875812447,0.476112418755,1,"NY",27,0,"Chris Collins, NY"
"James Comer",-9.70838097321,17.1702414512,3.62523686517,-0.118768420767,"comer","james",48.8019364101,27.2424031603,0.641756331711,0.358243668289,0.141756331711,1,"KY",1,0,"James Comer, KY"
"Barbara Comstock",-29.052071865,-2.00619649385,-9.91391684371,-2.38364126783,"comstock","barbara",66.340707521,0.639296869354,0.990455407175,0.00954459282546,0.490455407175,1,"VA",10,0,"Barbara Comstock, VA"
"K. Michael Conaway",-33.673577436,-0.931858453528,2.18154708274,3.13966614678,"conaway","k.",70.3439730367,3.23351177265,0.956052972169,0.043947027831,0.456052972169,1,"TX",11,0,"K. Michael Conaway, TX"
"Gerald E. Connolly",38.0599204676,0.0306526404019,-2.45774537837,3.73191802924,"connolly","gerald",1.10977092597,66.9055342835,0.0163164882162,0.983683511784,-0.483683511784,0,"VA",11,0,"Gerald E. Connolly, VA"
"John Conyers Jr.",39.1028155567,0.889665031187,1.44977902245,-4.53757987449,"jr.","john",1.10859325743,68.5989441527,0.0159034919123,0.984096508088,-0.484096508088,0,"MI",13,0,"John Conyers Jr., MI"
"Paul Cook",-31.0300403644,-2.17594627997,-5.77461539354,-0.981217029566,"cook","paul",67.8837369697,1.09329909206,0.98414981051,0.0158501894904,0.48414981051,1,"CA",8,0,"Paul Cook, CA"
"Jim Cooper",29.9694724385,-1.76537785327,-3.65982218023,9.65551598149,"cooper","jim",8.17472872671,58.7267459797,0.122190561009,0.877809438991,-0.377809438991,0,"TN",5,0,"Jim Cooper, TN"
"J. Luis Correa",13.321563664,-13.7257606774,5.50979277773,-0.280250705577,"correa","j.",28.8815498983,46.7531141512,0.381855995016,0.618144004984,-0.118144004984,0,"CA",46,0,"J. Luis Correa, CA"
"Jim Costa",19.0116413002,-1.27272793303,-5.90197075443,12.1930643858,"costa","jim",18.5626347717,47.5648739676,0.280709724676,0.719290275324,-0.219290275324,0,"CA",16,0,"Jim Costa, CA"
"Ryan Costello",-22.4965765911,-1.98845996379,-14.5785252834,-5.87554236712,"costello","ryan",60.7465232267,6.45336102601,0.903967676466,0.0960323235341,0.403967676466,1,"PA",6,0,"Ryan Costello, PA"
"Joe Courtney",38.0308092452,0.227575763263,-2.49869102616,3.77677550395,"courtney","joe",1.0136442654,66.8740363405,0.0149311960042,0.985068803996,-0.485068803996,0,"CT",2,0,"Joe Courtney, CT"
"Kevin Cramer",-31.2654614982,-0.949647167193,-4.1583400414,0.267225671814,"cramer","kevin",67.9523891643,2.26552828108,0.967735752305,0.032264247695,0.467735752305,1,"ND",1,0,"Kevin Cramer, ND"
"Rick Crawford",-31.6565069593,-0.262016987697,-1.8713474436,1.9204212604,"crawford","rick",68.2422319114,1.44808476913,0.979221148101,0.0207788518994,0.479221148101,1,"AR",1,0,"Rick Crawford, AR"
"Charlie Crist",12.4894719833,-12.6427039412,5.80271345013,-0.427994556782,"crist","charlie",29.049880811,45.7106181827,0.388572591168,0.611427408832,-0.111427408832,0,"FL",13,0,"Charlie Crist, FL"
"Joseph Crowley",38.6955096748,0.956949559064,-0.201020773931,-0.798137956516,"crowley","joseph",0.587281793675,67.9010986753,0.00857491138868,0.991425088611,-0.491425088611,0,"NY",14,0,"Joseph Crowley, NY"
"Henry Cuellar",19.8170246941,-4.25287095797,-7.85282266683,15.2725599746,"cuellar","henry",19.2405197285,48.2830484708,0.284945245662,0.715054754338,-0.215054754338,0,"TX",28,0,"Henry Cuellar, TX"
"John Culberson",-31.4577163939,-0.113620830414,-0.0790162844854,1.02408314161,"culberson","john",68.0356102682,0.476963236822,0.993038310891,0.00696168910932,0.493038310891,1,"TX",7,0,"John Culberson, TX"
"Elijah E. Cummings",35.2527502064,7.93887417397,0.805188401255,-0.674712153093,"cummings","elijah",6.08453013341,65.2737558874,0.0852673245492,0.914732675451,-0.414732675451,0,"MD",7,0,"Elijah E. Cummings, MD"
"Carlos Curbelo",-18.9517998992,-1.01159915426,-13.0358037219,-5.55754769599,"curbelo","carlos",56.8947504874,9.32944760953,0.859123283065,0.140876716935,0.359123283065,1,"FL",26,0,"Carlos Curbelo, FL"
"John Curtis",2.83374332295,1.20150995654,5.22883975092,-1.56012785997,"curtis","john",34.2624360009,34.0899105768,0.501262030002,0.498737969998,0.00126203000152,1,"UT",3,0,"John Curtis, UT"
"Warren Davidson",-15.1567649657,13.6228778846,5.73728328427,0.242152275466,"davidson","warren",53.3409176142,20.540968597,0.721975579531,0.278024420469,0.221975579531,1,"OH",8,0,"Warren Davidson, OH"
"Susan A. Davis",38.4459720453,1.10911751696,-2.64522053273,2.67997598513,"davis","susan",0.961051334455,67.2856227052,0.0140820244793,0.985917975521,-0.485917975521,0,"CA",53,0,"Susan A. Davis, CA"
"Danny K. Davis",38.4676483833,1.93342372653,0.0843351683279,-2.57740859696,"davis","danny",1.26298643356,67.759597182,0.0182981622448,0.981701837755,-0.481701837755,0,"IL",7,0,"Danny K. Davis, IL"
"Rodney Davis",-27.9499998862,-2.3222767627,-10.6820699152,-4.03078011097,"davis","rodney",65.3835241583,1.80063482715,0.973198520985,0.0268014790145,0.473198520985,1,"IL",13,0,"Rodney Davis, IL"
"Peter A. DeFazio",36.0294824449,-0.303257472589,2.84487220951,-1.47266455114,"defazio","peter",3.41319502412,65.8602431762,0.0492713385216,0.950728661478,-0.450728661478,0,"OR",4,0,"Peter A. DeFazio, OR"
"Diana DeGette",38.7597316419,2.94436699237,0.925119881594,-0.427698297291,"degette","diana",2.2093260045,68.2475201201,0.0313571515903,0.96864284841,-0.46864284841,0,"CO",1,0,"Diana DeGette, CO"
"John Delaney",34.4918096564,-2.05752816632,-4.0169562463,7.04746398875,"delaney","john",5.29830554163,63.1686048317,0.0773849077275,0.922615092272,-0.422615092272,0,"MD",6,0,"John Delaney, MD"
"Rosa DeLauro",37.3009581496,2.28433388964,0.143053963355,0.123389558567,"delauro","rosa",1.27431858105,66.6384443625,0.0187640514951,0.981235948505,-0.481235948505,0,"CT",3,0,"Rosa DeLauro, CT"
"Suzan K. DelBene",38.7901851555,0.265373222225,-1.80434780538,2.7304008983,"delbene","suzan",0.586033343382,67.7251805026,0.00857887468818,0.991421125312,-0.491421125312,0,"WA",1,0,"Suzan K. DelBene, WA"
"Val Demings",15.0246009395,-15.6122702811,6.3018445813,-2.55850967213,"demings","val",28.8529050383,49.0368434769,0.370432638291,0.629567361709,-0.129567361709,0,"FL",10,0,"Val Demings, FL"
"Jeffrey Denham",-28.5188840723,-1.39483395813,-11.3160202327,-3.37236277623,"denham","jeffrey",65.9844489883,0.740029637023,0.988909173181,0.011090826819,0.488909173181,1,"CA",10,0,"Jeffrey Denham, CA"
"Charlie Dent",-25.9162763241,-1.73775656504,-12.8451786353,-4.04267373574,"dent","charlie",63.7102522723,2.66390981716,0.95986525881,0.04013474119,0.45986525881,1,"PA",15,0,"Charlie Dent, PA"
"Ron DeSantis",-32.5888483984,-0.917233165618,6.26449159512,2.23690761468,"desantis","ron",69.5604592792,2.82957793389,0.960912053056,0.0390879469444,0.460912053056,1,"FL",6,0,"Ron DeSantis, FL"
"Mark DeSaulnier",39.9980764284,1.25020910643,0.964795081572,-3.49705558866,"desaulnier","mark",0.843975919331,69.3970889118,0.0120154203436,0.987984579656,-0.487984579656,0,"CA",11,0,"Mark DeSaulnier, CA"
"Scott DesJarlais",-32.6122429506,0.856121134668,10.1861267197,1.0305294811,"desjarlais","scott",70.0372992849,1.10932725639,0.984407872723,0.0155921272774,0.484407872723,1,"TN",4,0,"Scott DesJarlais, TN"
"Ted Deutch",14.0064590523,-14.1836417973,6.52117437039,-1.95599681386,"deutch","ted",28.8370267217,47.6348133745,0.377093407003,0.622906592997,-0.122906592997,0,"FL",22,0,"Ted Deutch, FL"
"Mario Diaz-Balart",-26.3884224057,-2.89108467482,-11.9472117114,-4.11337330194,"diaz-balart","mario",64.0935279594,2.69999016669,0.959577063128,0.0404229368723,0.459577063128,1,"FL",25,0,"Mario Diaz-Balart, FL"
"Debbie Dingell",38.9117643312,0.479996670558,-0.678385224283,-0.578186091245,"dingell","debbie",0.731054007852,68.0235529088,0.0106328003408,0.989367199659,-0.489367199659,0,"MI",12,0,"Debbie Dingell, MI"
"Lloyd Doggett",39.2553867037,1.0027524556,1.04330829843,-2.03012207301,"doggett","lloyd",1.15260078178,68.6747742928,0.0165064314755,0.983493568525,-0.483493568525,0,"TX",35,0,"Lloyd Doggett, TX"
"Daniel M. Donovan",-22.6945873,1.36028143269,-10.9094381902,-4.85521723222,"donovan","daniel",60.0781832425,5.99853889851,0.909218576465,0.0907814235354,0.409218576465,1,"NY",11,0,"Daniel M. Donovan, NY"
"Mike Doyle",38.1415790124,0.605026481677,0.24936763231,-0.856869295554,"doyle","mike",1.34690083666,67.4254547864,0.0195849164167,0.980415083583,-0.480415083583,0,"PA",14,0,"Mike Doyle, PA"
"Sean Duffy",-31.339823966,-0.813453349132,1.44757475743,1.8533800441,"duffy","sean",67.9805311078,1.34754152868,0.980562830071,0.0194371699289,0.480562830071,1,"WI",7,0,"Sean Duffy, WI"
"Jeffrey Duncan",-32.4321042746,0.807689251337,8.77220513129,1.19752383938,"duncan","jeffrey",69.6506094964,0.723736271163,0.989715907647,0.0102840923531,0.489715907647,1,"SC",3,0,"Jeffrey Duncan, SC"
"John J. Duncan Jr.",-28.4667363376,1.40636372246,10.1734651645,-5.56079596422,"jr.","john",65.9365958324,3.56987199906,0.948639714973,0.0513602850273,0.448639714973,1,"TN",2,0,"John J. Duncan Jr., TN"
"Neal Dunn",-8.96490998368,17.1022075427,2.97947161714,-0.0952227575503,"dunn","neal",48.0208702163,27.8977323229,0.632531008346,0.367468991654,0.132531008346,1,"FL",2,0,"Neal Dunn, FL"
"Keith Ellison",38.866182655,1.28468243729,1.62658250528,-4.9881000072,"ellison","keith",0.959051598984,68.4126011336,0.0138248342256,0.986175165774,-0.486175165774,0,"MN",5,0,"Keith Ellison, MN"
"Tom Emmer",-30.9187034793,-0.568636837516,-2.16455427047,-0.743982962974,"emmer","tom",67.5220048103,1.82097716086,0.973739560816,0.0262604391835,0.473739560816,1,"MN",6,0,"Tom Emmer, MN"
"Eliot L. Engel",36.8251158581,0.510517284987,-0.709984130618,-0.617146193894,"engel","eliot",1.6863099717,65.9613804657,0.0249278277026,0.975072172297,-0.475072172297,0,"NY",16,0,"Eliot L. Engel, NY"
"Anna G. Eshoo",39.2486087082,1.05279772637,-0.373631588371,-0.989297191336,"eshoo","anna",0,68.4197488312,0,1,-0.5,0,"CA",18,0,"Anna G. Eshoo, CA"
"Adriano Espaillat",15.311574549,-15.7682254925,6.77547553772,-3.58888468379,"espaillat","adriano",28.8589366888,49.3800395903,0.368856266547,0.631143733453,-0.131143733453,0,"NY",13,0,"Adriano Espaillat, NY"
"Ron Estes",-4.7328007313,11.7486149313,4.94109135596,0.856824494499,"estes","ron",42.7459275829,28.7049045026,0.598256539991,0.401743460009,0.0982565399908,1,"KS",4,0,"Ron Estes, KS"
"Elizabeth Esty",38.3939602833,0.1686922435,-2.46519771166,3.8842593378,"esty","elizabeth",0.995924136915,67.2373270481,0.0145958769312,0.985404123069,-0.485404123069,0,"CT",5,0,"Elizabeth Esty, CT"
"Dwight Evans",15.6906669163,-15.4620205537,6.27725779931,-2.65128234794,"evans","dwight",28.2593382505,49.6164188183,0.362877220257,0.637122779743,-0.137122779743,0,"PA",2,0,"Dwight Evans, PA"
"Blake Farenthold",-33.2415317257,-0.128370326981,4.38788127396,2.29968186769,"farenthold","blake",70.0121541824,4.19540944272,0.943463856812,0.0565361431878,0.443463856812,1,"TX",27,0,"Blake Farenthold, TX"
"John Faso",-6.43423911512,13.029348169,-0.566041547094,-3.64704650043,"faso","john",44.3040093147,28.1454311899,0.611516238167,0.388483761833,0.111516238167,1,"NY",19,0,"John Faso, NY"
"A. Drew Ferguson",-9.25263814391,17.499111488,3.01782313745,0.020681802913,"ferguson","a.",48.4203188711,27.8968155293,0.634461962592,0.365538037408,0.134461962592,1,"GA",3,0,"A. Drew Ferguson, GA"
"Brian Fitzpatrick",-3.68661808159,9.22292176909,-0.649491731815,-5.07966432408,"fitzpatrick","brian",40.8231084769,28.7390026294,0.586858389254,0.413141610746,0.0868583892535,1,"PA",8,0,"Brian Fitzpatrick, PA"
"Chuck Fleischmann",-32.5572432512,-1.65817345774,-2.03552364504,0.888071053846,"fleischmann","chuck",69.2092694162,0.246202446535,0.996455247658,0.00354475234179,0.496455247658,1,"TN",3,0,"Chuck Fleischmann, TN"
"Bill Flores",-33.6106451843,-0.873616441062,3.4568051043,3.29855623586,"flores","bill",70.3455204227,4.10697744868,0.944837613699,0.0551623863014,0.444837613699,1,"TX",17,0,"Bill Flores, TX"
"Jeff Fortenberry",-27.7101582282,-2.18136798375,-8.92686554521,-2.77951219868,"fortenberry","jeff",64.8961673544,2.09131313286,0.968780537533,0.0312194624674,0.468780537533,1,"NE",1,0,"Jeff Fortenberry, NE"
"Bill Foster",38.3268733831,0.0924068421701,-1.58665667441,2.35639214119,"foster","bill",0.666556384788,67.296766112,0.00980758974548,0.990192410255,-0.490192410255,0,"IL",11,0,"Bill Foster, IL"
"Virginia Foxx",-32.5900865408,-0.473845477789,1.65933812693,1.31104381909,"foxx","virginia",69.2221587083,2.04448228675,0.971312212022,0.0286877879778,0.471312212022,1,"NC",5,0,"Virginia Foxx, NC"
"Lois Frankel",14.2426922053,-14.5067662071,6.35113117349,-2.91599071444,"frankel","lois",28.7960834077,47.9668355679,0.375130125221,0.624869874779,-0.124869874779,0,"FL",21,0,"Lois Frankel, FL"
"Trent Franks",-32.5792839303,-0.222349655208,6.03831633783,3.20685686091,"franks","trent",69.5001032052,2.58764005225,0.964104299354,0.0358957006464,0.464104299354,1,"AZ",8,0,"Trent Franks, AZ"
"Rodney Frelinghuysen",-29.9637084487,-1.55127177598,-10.4279593025,-2.42371918014,"frelinghuysen","rodney",67.2860334083,0.952155771479,0.986046585015,0.0139534149854,0.486046585015,1,"NJ",11,0,"Rodney Frelinghuysen, NJ"
"Marcia L. Fudge",38.9402620357,1.03174036701,-0.402200084311,-1.62191952039,"fudge","marcia",0.310382412111,68.1104764707,0.00453637117656,0.995463628823,-0.495463628823,0,"OH",11,0,"Marcia L. Fudge, OH"
"Tulsi Gabbard",37.795338575,1.04011036497,-0.103766154191,1.19150480211,"gabbard","tulsi",1.42716285005,67.0337255983,0.020846396861,0.979153603139,-0.479153603139,0,"HI",2,0,"Tulsi Gabbard, HI"
"Matt Gaetz",-8.7183007477,16.8877058068,3.41453351404,-0.230826437527,"gaetz","matt",47.7580565974,27.898379705,0.631249090381,0.368750909619,0.131249090381,1,"FL",1,0,"Matt Gaetz, FL"
"Mike Gallagher",-8.86165057444,16.9772662003,2.7484720709,-0.485370804574,"gallagher","mike",47.8663985105,27.9492593621,0.631352412597,0.368647587403,0.131352412597,1,"WI",8,0,"Mike Gallagher, WI"
"Ruben Gallego",39.0470238077,1.67303371605,-0.0757778987774,-0.362526576078,"gallego","ruben",0.716969996171,68.2918238695,0.0103895453899,0.98961045461,-0.48961045461,0,"AZ",7,0,"Ruben Gallego, AZ"
"John Garamendi",36.5219388038,-0.796451360684,-2.02492339339,3.55317351527,"garamendi","john",2.43055794217,65.4394287387,0.0358119702247,0.964188029775,-0.464188029775,0,"CA",3,0,"John Garamendi, CA"
"Thomas Garrett",-6.71022654542,13.9662114794,2.75980230101,-1.95176053816,"garrett","thomas",44.9538218715,28.1765643234,0.61470784185,0.38529215815,0.11470784185,1,"VA",5,0,"Thomas Garrett, VA"
"Greg Gianforte",-2.92706788001,9.04655050866,3.46463496505,-0.343131766458,"gianforte","greg",40.2781687279,29.7024237688,0.575561984986,0.424438015014,0.0755619849862,1,"MT",1,0,"Greg Gianforte, MT"
"Bob Gibbs",-33.3091283193,-0.807319063121,-0.261124953824,1.85018895391,"gibbs","bob",69.9107192478,1.98917189829,0.972334145899,0.0276658541005,0.472334145899,1,"OH",7,0,"Bob Gibbs, OH"
"Louie Gohmert",-31.9644707988,0.665535161676,9.3059703768,-0.760110336669,"gohmert","louie",69.267101933,0,1,0,0.5,1,"TX",1,0,"Louie Gohmert, TX"
"Jimmy Gomez",8.87191087874,-7.45160162854,4.4116148611,-4.43725487428,"gomez","jimmy",29.7794925977,40.9008712186,0.421326249468,0.578673750532,-0.0786737505322,0,"CA",34,0,"Jimmy Gomez, CA"
"Vicente Gonzalez",13.0632446142,-13.2985855248,5.63681715511,-0.550156162724,"gonzalez","vicente",28.885791882,46.4168843718,0.38359582048,0.61640417952,-0.11640417952,0,"TX",15,0,"Vicente Gonzalez, TX"
"Robert W. Goodlatte",-33.3478722237,-0.415232475976,3.28663639274,2.96555108787,"goodlatte","robert",70.0543807524,3.79221840943,0.948647352045,0.051352647955,0.448647352045,1,"VA",6,0,"Robert W. Goodlatte, VA"
"Paul Gosar",-31.5185706062,0.541012347163,11.2322045739,-0.663602429824,"gosar","paul",69.1402350792,1.98108836127,0.972144945209,0.0278550547914,0.472144945209,1,"AZ",4,0,"Paul Gosar, AZ"
"Josh Gottheimer",11.5317519678,-11.6309162524,4.63346507411,-0.332610441195,"gottheimer","josh",29.1126694908,44.2898807215,0.396616594472,0.603383405528,-0.103383405528,0,"NJ",5,0,"Josh Gottheimer, NJ"
"Trey Gowdy",-33.0457135289,0.09231210721,5.33944234346,2.45585195931,"gowdy","trey",69.8880334619,3.26834376921,0.955323870688,0.0446761293124,0.455323870688,1,"SC",4,0,"Trey Gowdy, SC"
"Kay Granger",-30.173750306,-1.15040400019,-4.12195682895,0.294674608346,"granger","kay",66.8712698119,2.73454113363,0.960713895916,0.0392861040837,0.460713895916,1,"TX",12,0,"Kay Granger, TX"
"Tom Graves",-33.190978001,-0.143281308627,4.88668997413,2.94535262444,"graves","tom",70.0015480893,3.76770229067,0.948925842797,0.0510741572032,0.448925842797,1,"GA",14,0,"Tom Graves, GA"
"Garret Graves",-31.8382599007,-0.623701609534,1.62067758455,1.16458069403,"graves","garret",68.4760891021,1.60374297723,0.977115484874,0.0228845151258,0.477115484874,1,"LA",6,0,"Garret Graves, LA"
"Sam Graves",-29.3934403792,-1.24243447588,-4.00712144043,0.810433059122,"graves","sam",66.0921319117,3.33035976492,0.952027654374,0.0479723456259,0.452027654374,1,"MO",6,0,"Sam Graves, MO"
"Al Green",37.3141031668,-0.19425546185,-2.17384177049,0.656071476626,"green","al",1.49168604432,66.2048030883,0.0220349099848,0.977965090015,-0.477965090015,0,"TX",9,0,"Al Green, TX"
"Gene Green",31.8647974498,-1.1660604308,-3.2483800507,6.62311202065,"green","gene",6.24359283516,60.6549674598,0.0933292556317,0.906670744368,-0.406670744368,0,"TX",29,0,"Gene Green, TX"
"Morgan Griffith",-30.3614177131,0.554571427838,6.35977471273,-2.84279043322,"griffith","morgan",67.3049536572,1.74526555254,0.974724692079,0.025275307921,0.474724692079,1,"VA",9,0,"Morgan Griffith, VA"
"Raúl M. Grijalva",39.12651725,1.03623741784,3.35870985658,-5.90410031857,"grijalva","raúl",0,69.0186872484,0,1,-0.5,0,"AZ",3,0,"Raúl M. Grijalva, AZ"
"Glenn Grothman",-32.1902364482,0.00275732146775,4.47533101238,0.754986249303,"grothman","glenn",68.9668464438,3.66817686236,0.949498510561,0.0505014894385,0.449498510561,1,"WI",6,0,"Glenn Grothman, WI"
"Brett Guthrie",-33.2856210561,-0.926756538339,1.13142386414,2.9134905548,"guthrie","brett",69.9185777276,2.35443483081,0.967423042883,0.0325769571167,0.467423042883,1,"KY",2,0,"Brett Guthrie, KY"
"Luis V. Gutiérrez",37.0305348378,0.918595990452,1.61858278179,-4.05997219809,"gutiérrez","luis",2.32265720995,66.6017538766,0.0336986152414,0.966301384759,-0.466301384759,0,"IL",4,0,"Luis V. Gutiérrez, IL"
"Colleen Hanabusa",15.710496708,-15.08048446,5.92703368787,-2.28309620229,"hanabusa","colleen",27.9199297659,49.4073705163,0.361061742282,0.638938257718,-0.138938257718,0,"HI",1,0,"Colleen Hanabusa, HI"
"Karen Handel",-3.14095819098,9.51180886222,4.59535450348,0.416147350869,"handel","karen",40.7050459679,29.4838528986,0.57993566825,0.42006433175,0.0799356682502,1,"GA",6,0,"Karen Handel, GA"
"Gregg Harper",-31.2314070577,-0.747924737498,-5.7732836112,0.0120375736332,"harper","gregg",68.0065370895,1.14354893779,0.983462798046,0.0165372019543,0.483462798046,1,"MS",3,0,"Gregg Harper, MS"
"Andy Harris",-32.8191803861,-0.334520116892,7.76986200808,1.49742441536,"harris","andy",69.9355075108,2.0224410892,0.97189412527,0.0281058747302,0.47189412527,1,"MD",1,0,"Andy Harris, MD"
"Vicky Hartzler",-32.9342492452,-1.52241219137,-0.27807639323,2.04294149068,"hartzler","vicky",69.5709875637,1.75423672941,0.975405100414,0.0245948995856,0.475405100414,1,"MO",4,0,"Vicky Hartzler, MO"
"Alcee L. Hastings",34.7226746514,-1.55889685317,0.892656343291,-1.63576029643,"hastings","alcee",4.55661084605,64.1745099354,0.0662961813257,0.933703818674,-0.433703818674,0,"FL",20,0,"Alcee L. Hastings, FL"
"Denny Heck",38.634862306,0.0477792140003,-2.33815153408,3.55496179926,"heck","denny",1.05082394203,67.4917050411,0.0153309770973,0.984669022903,-0.484669022903,0,"WA",10,0,"Denny Heck, WA"
"Jeb Hensarling",-33.5248651335,-0.818383878732,5.15078253145,3.70903333644,"hensarling","jeb",70.3822592872,4.00550461695,0.946153716596,0.0538462834037,0.446153716596,1,"TX",5,0,"Jeb Hensarling, TX"
"Jaime Herrera Beutler",-24.6869835904,2.40421967551,-4.35836613907,-3.72458569121,"beutler","jaime",61.3192146108,8.40001846192,0.879516482157,0.120483517843,0.379516482157,1,"WA",3,0,"Jaime Herrera Beutler, WA"
"Jody Hice",-33.6186807986,0.13747423413,8.24831476897,2.58003839461,"hice","jody",70.7729261828,2.03319808466,0.97207380416,0.0279261958402,0.47207380416,1,"GA",10,0,"Jody Hice, GA"
"Clay Higgins",-9.04080853141,17.2058498818,2.8450125776,-0.214968607452,"higgins","clay",48.1143587636,27.9217070685,0.632783380321,0.367216619679,0.132783380321,1,"LA",3,0,"Clay Higgins, LA"
"Brian Higgins",38.6971158654,1.1200612067,-1.05735711063,0.724784785448,"higgins","brian",0.610203604718,67.7669623409,0.00892408447,0.99107591553,-0.49107591553,0,"NY",26,0,"Brian Higgins, NY"
"French Hill",-32.360479478,-0.978203208829,-1.34679545319,1.29783501386,"hill","french",68.9696817692,0.787987804365,0.988703925903,0.0112960740974,0.488703925903,1,"AR",2,0,"French Hill, AR"
"Jim Himes",36.9146735602,0.381368606629,-1.76290606888,3.64042903779,"himes","jim",1.45585401956,65.87925937,0.0216210227662,0.978378977234,-0.478378977234,0,"CT",4,0,"Jim Himes, CT"
"George Holding",-9.25222244081,17.5563987281,3.34999475745,0.079194088786,"holding","george",48.4658280521,27.8754108928,0.634857761309,0.365142238691,0.134857761309,1,"NC",2,0,"George Holding, NC"
"Trey Hollingsworth",-8.18353905595,15.9924935957,2.59640871576,-1.07459655355,"hollingsworth","trey",46.9141460693,27.9779606955,0.626423105129,0.373576894871,0.126423105129,1,"IN",9,0,"Trey Hollingsworth, IN"
"Steny H. Hoyer",38.0237804574,0.307988628588,-1.93520523441,1.41434140672,"hoyer","steny",0.629579541556,66.9487347083,0.00931629544988,0.99068370455,-0.49068370455,0,"MD",5,0,"Steny H. Hoyer, MD"
"Richard Hudson",-31.4525663921,-0.61874491922,5.60414387482,4.17623051612,"hudson","richard",68.3526497697,2.75494308366,0.961256696042,0.0387433039583,0.461256696042,1,"NC",8,0,"Richard Hudson, NC"
"Jared Huffman",39.0284658595,2.41790753078,2.46274224515,-3.76804810645,"huffman","jared",0.949837226614,68.7848476495,0.0136207287421,0.986379271258,-0.486379271258,0,"CA",2,0,"Jared Huffman, CA"
"Bill Huizenga",-32.3812646738,-0.563421898161,4.13636644884,3.33990204843,"huizenga","bill",69.1523885871,4.14793479081,0.943411780472,0.0565882195283,0.443411780472,1,"MI",2,0,"Bill Huizenga, MI"
"Randy Hultgren",-32.7251449056,-1.14846015059,0.329587828986,0.995575513835,"hultgren","randy",69.3508309544,1.6957531412,0.976131813193,0.0238681868071,0.476131813193,1,"IL",14,0,"Randy Hultgren, IL"
"Duncan D. Hunter",-32.4757484536,-0.572114345118,0.554409550366,1.64377349957,"hunter","duncan",69.0802515052,1.34423594844,0.980912378676,0.0190876213239,0.480912378676,1,"CA",50,0,"Duncan D. Hunter, CA"
"Will Hurd",-31.1605247232,-2.36147588614,-4.94756184952,-0.255909528983,"hurd","will",67.9712864663,1.65341439349,0.976252474006,0.0237475259939,0.476252474006,1,"TX",23,0,"Will Hurd, TX"
"Darrell Issa",-31.1974167848,-0.431576276802,0.163145597107,-0.166015593826,"issa","darrell",67.7904991492,0,1,0,0.5,1,"CA",49,0,"Darrell Issa, CA"
"Sheila Jackson Lee",35.7632885716,-0.459975003885,-0.362018727568,-0.685562552294,"lee","sheila",2.84591796814,64.9613988197,0.0419706619131,0.958029338087,-0.458029338087,0,"TX",18,0,"Sheila Jackson Lee, TX"
"Pramila Jayapal",15.4407374879,-15.9436354957,6.75833764788,-3.69767654965,"jayapal","pramila",28.8696496336,49.5613657444,0.368089709083,0.631910290917,-0.131910290917,0,"WA",7,0,"Pramila Jayapal, WA"
"Hakeem Jeffries",39.0969360464,1.57913442406,0.107324243264,-2.28226881552,"jeffries","hakeem",0.728939934192,68.3690195571,0.0105493699026,0.989450630097,-0.489450630097,0,"NY",8,0,"Hakeem Jeffries, NY"
"Lynn Jenkins",-32.1962703929,-1.03351520303,1.51129272614,2.30115457919,"jenkins","lynn",68.8478988449,1.78256547784,0.974762087508,0.0252379124919,0.474762087508,1,"KS",2,0,"Lynn Jenkins, KS"
"Evan Jenkins",-29.878618062,-1.12811541473,-8.31384889293,-2.24755244527,"jenkins","evan",66.911469298,1.69110663258,0.975349225453,0.0246507745466,0.475349225453,1,"WV",3,0,"Evan Jenkins, WV"
"Hank Johnson",38.2329637842,1.14063665838,0.156974113515,-1.60663386042,"johnson","hank",1.14925745611,67.512998421,0.016737834221,0.983262165779,-0.483262165779,0,"GA",4,0,"Hank Johnson, GA"
"Mike Johnson",-9.06266576005,17.3829941022,3.2392327357,-0.229586200096,"johnson","mike",48.2224742947,27.940109754,0.633151762076,0.366848237924,0.133151762076,1,"LA",4,0,"Mike Johnson, LA"
"Bill Johnson",-32.0953363363,-1.93600371185,-5.33557654984,0.258196061681,"johnson","bill",68.8993176694,1.01701720888,0.985453796875,0.0145462031247,0.485453796875,1,"OH",6,0,"Bill Johnson, OH"
"Eddie Bernice Johnson",36.0716373645,0.639164843581,-1.54427397111,-1.61538030356,"johnson","eddie",1.78918294157,65.0857182217,0.0267541769849,0.973245823015,-0.473245823015,0,"TX",30,0,"Eddie Bernice Johnson, TX"
"Sam Johnson",-29.5981146232,-2.00179391329,7.0598789491,1.90272550468,"johnson","sam",66.739389093,3.40286472839,0.951486236284,0.0485137637159,0.451486236284,1,"TX",3,0,"Sam Johnson, TX"
"Walter B. Jones",-11.8675403396,-3.34555079721,16.219538042,-6.95486100768,"jones","walter",51.6317479179,21.4406018089,0.70658392827,0.29341607173,0.20658392827,1,"NC",3,0,"Walter B. Jones, NC"
"Jim Jordan",-32.7744208886,0.16208917396,11.1676814613,0.422514222697,"jordan","jim",70.375714333,2.0917564803,0.971135235481,0.0288647645188,0.471135235481,1,"OH",4,0,"Jim Jordan, OH"
"Dave Joyce",-28.182938378,-1.77930419129,-11.2168724737,-3.84438854903,"joyce","dave",65.6599437256,1.03487040023,0.984483495249,0.0155165047507,0.484483495249,1,"OH",14,0,"Dave Joyce, OH"
"Marcy Kaptur",37.8658777887,0.579306634915,-1.02688431406,-0.471842912077,"kaptur","marcy",0.621698325856,66.9374483724,0.00920228209264,0.990797717907,-0.490797717907,0,"OH",9,0,"Marcy Kaptur, OH"
"John Katko",-22.9794409926,-0.957835824791,-13.6093672645,-6.02918097844,"katko","john",60.9435384592,5.53460204164,0.916745534698,0.0832544653015,0.416745534698,1,"NY",24,0,"John Katko, NY"
"Bill Keating",37.6403609215,-0.0030597584153,-2.13380302429,3.23527737531,"keating","bill",1.13951308634,66.5356805375,0.0168379730492,0.983162026951,-0.483162026951,0,"MA",9,0,"Bill Keating, MA"
"Robin Kelly",38.1945711426,0.212207767632,-0.529430333246,-2.22324982413,"kelly","robin",1.00284504688,67.3359039734,0.0146746181524,0.985325381848,-0.485325381848,0,"IL",2,0,"Robin Kelly, IL"
"Trent Kelly",-27.0609305717,4.8413713695,2.49596050739,1.07564997576,"kelly","trent",63.7363299869,7.09623283704,0.899816799589,0.100183200411,0.399816799589,1,"MS",1,0,"Trent Kelly, MS"
"Mike Kelly",-31.0125057576,-2.02506932367,-7.62091190201,-1.22962018046,"kelly","mike",68.0149696473,0.622721327007,0.990927414396,0.00907258560373,0.490927414396,1,"PA",3,0,"Mike Kelly, PA"
"Joseph P. Kennedy III",38.7620854588,0.227226374003,0.132878943341,-1.93779376744,"iii","joseph",1.08389383647,68.0082905773,0.0156876475345,0.984312352466,-0.484312352466,0,"MA",4,0,"Joseph P. Kennedy III, MA"
"Ro Khanna",15.3546905946,-15.818878256,6.72702945223,-3.70600318303,"khanna","ro",28.846101098,49.4388324102,0.368475769287,0.631524230713,-0.131524230713,0,"CA",17,0,"Ro Khanna, CA"
"Ruben Kihuen",14.4351758978,-14.9979117911,6.13875752093,-1.70734284276,"kihuen","ruben",28.8847879505,48.2723480174,0.37436314332,0.62563685668,-0.12563685668,0,"NV",4,0,"Ruben Kihuen, NV"
"Dan Kildee",39.5538079777,1.07986925665,0.50845972398,-2.28251305521,"kildee","dan",0.933790418249,68.8728555001,0.0133768125651,0.986623187435,-0.486623187435,0,"MI",5,0,"Dan Kildee, MI"
"Derek Kilmer",38.3190355252,-0.138630401595,-2.81511988449,4.97049392368,"kilmer","derek",1.45695430788,67.1115140066,0.0212481676154,0.978751832385,-0.478751832385,0,"WA",6,0,"Derek Kilmer, WA"
"Ron Kind",34.3822556287,-0.680384672453,-2.70424555346,5.34031857851,"kind","ron",4.05740008273,63.2238355984,0.0603050767671,0.939694923233,-0.439694923233,0,"WI",3,0,"Ron Kind, WI"
"Steve King",-31.923501269,0.0938644590439,3.33544052069,2.83369296796,"king","steve",68.6188398607,3.29647413568,0.954161722274,0.0458382777256,0.454161722274,1,"IA",4,0,"Steve King, IA"
"Peter T. King",-26.9543561978,-2.77596258436,-13.0344374389,-4.75501698871,"king","peter",64.8353033427,2.59586502967,0.961503484333,0.0384965156666,0.461503484333,1,"NY",2,0,"Peter T. King, NY"
"Adam Kinzinger",-28.8042327139,-1.70615251117,-12.5130347385,-3.6627173407,"kinzinger","adam",66.4826600356,1.27523727261,0.981179503449,0.0188204965512,0.481179503449,1,"IL",16,0,"Adam Kinzinger, IL"
"Steve Knight",-31.4687648176,-1.92144173395,-3.56703647417,-0.693605374174,"knight","steve",68.1815778044,1.96709328701,0.971958224491,0.0280417755091,0.471958224491,1,"CA",25,0,"Steve Knight, CA"
"Raja Krishnamoorthi",15.1325866675,-15.8158672467,6.33191806819,-2.05659556756,"krishnamoorthi","raja",28.9066871445,49.2056844515,0.370065414144,0.629934585856,-0.129934585856,0,"IL",8,0,"Raja Krishnamoorthi, IL"
"Ann McLane Kuster",36.8333332213,0.296782925548,-3.15732561404,5.7861997312,"kuster","ann",2.11126012193,65.6001706483,0.0311802615586,0.968819738441,-0.468819738441,0,"NH",2,0,"Ann McLane Kuster, NH"
"David Kustoff",-9.05801288888,17.2555024804,3.15209400937,-0.14374799977,"kustoff","david",48.1708083669,27.8834630383,0.633374135034,0.366625864966,0.133374135034,1,"TN",8,0,"David Kustoff, TN"
"Raúl Labrador",-30.6319749321,0.581046667755,11.7879189992,-4.34260685875,"labrador","raúl",68.3675247229,2.81828893207,0.960409401995,0.039590598005,0.460409401995,1,"ID",1,0,"Raúl Labrador, ID"
"Darin M. LaHood",-23.3244661807,6.36668917404,-0.325692383725,-0.77889269853,"lahood","darin",60.0024116735,10.413391711,0.852115701157,0.147884298843,0.352115701157,1,"IL",18,0,"Darin M. LaHood, IL"
"Doug LaMalfa",-32.5895990686,-0.863734699947,3.03539183498,2.74087360008,"lamalfa","doug",69.3019690166,3.22098290352,0.955586709886,0.0444132901135,0.455586709886,1,"CA",1,0,"Doug LaMalfa, CA"
"Doug Lamborn",-33.1066560662,-0.274628505165,4.87779943703,2.83646225562,"lamborn","doug",69.921414813,3.76922630282,0.94885067838,0.05114932162,0.44885067838,1,"CO",5,0,"Doug Lamborn, CO"
"Leonard Lance",-27.883817628,-4.11744135505,-6.76002202739,-3.34995640178,"lance","leonard",64.9960197547,3.98993828792,0.942163037216,0.0578369627838,0.442163037216,1,"NJ",7,0,"Leonard Lance, NJ"
"Jim Langevin",38.3383499523,0.142793691078,-2.31194549737,2.88753723617,"langevin","jim",0.905104380757,67.2031992944,0.0132891928284,0.986710807172,-0.486710807172,0,"RI",2,0,"Jim Langevin, RI"
"Rick Larsen",38.0503937135,0.444967653058,-2.13756109436,2.36696953416,"larsen","rick",0.614638642128,66.9483019133,0.00909727488287,0.990902725117,-0.490902725117,0,"WA",2,0,"Rick Larsen, WA"
"John B. Larson",37.0869980369,1.08165172961,-1.50953226646,1.2438837415,"larson","john",1.25400581047,66.1055329945,0.0186166032713,0.981383396729,-0.481383396729,0,"CT",1,0,"John B. Larson, CT"
"Robert E. Latta",-33.5117031541,-0.799071965245,2.03437368164,3.0866266562,"latta","robert",70.1703047927,2.99874457473,0.95901621518,0.0409837848195,0.45901621518,1,"OH",5,0,"Robert E. Latta, OH"
"Brenda Lawrence",39.3001335146,1.03143009994,-0.425695713233,-0.619550010442,"lawrence","brenda",0.0763023868303,68.4613033928,0.00111329227163,0.998886707728,-0.498886707728,0,"MI",14,0,"Brenda Lawrence, MI"
"Al Lawson",12.7464694535,-12.6149017121,6.7875946222,-0.197032672318,"lawson","al",29.0670858621,45.9489572312,0.387478260163,0.612521739837,-0.112521739837,0,"FL",5,0,"Al Lawson, FL"
"Barbara Lee",38.6059548706,0.833594654276,2.56698201058,-6.52578748336,"lee","barbara",0.802047154088,68.335427652,0.0116007585805,0.98839924142,-0.48839924142,0,"CA",13,0,"Barbara Lee, CA"
"Sander M. Levin",39.5003349878,0.620371840282,-0.885661496767,-0.718049705535,"levin","sander",0.665938095564,68.5740365711,0.0096178269673,0.990382173033,-0.490382173033,0,"MI",9,0,"Sander M. Levin, MI"
"John Lewis",38.6142693285,0.597974962941,1.93423195012,-4.99195727645,"lewis","john",1.16558501149,68.2082803932,0.0168015001714,0.983198499829,-0.483198499829,0,"GA",5,0,"John Lewis, GA"
"Jason Lewis",-8.74409355586,16.7615511058,2.88467370305,-0.689442481986,"lewis","jason",47.6992966595,27.8954227037,0.630987151766,0.369012848234,0.130987151766,1,"MN",2,0,"Jason Lewis, MN"
"Ted Lieu",35.8114688015,1.29801497606,1.89074113396,-1.68806953305,"lieu","ted",3.00457638903,65.4761593289,0.0438747679553,0.956125232045,-0.456125232045,0,"CA",33,0,"Ted Lieu, CA"
"Daniel Lipinski",31.4738046997,-2.745379628,-4.56651255799,9.27462643336,"lipinski","daniel",8.00089396419,60.1241162889,0.117444297395,0.882555702605,-0.382555702605,0,"IL",3,0,"Daniel Lipinski, IL"
"Frank A. LoBiondo",-21.4405412148,-2.93568161481,-13.6798783973,-7.34668111418,"lobiondo","frank",59.5956981566,7.31330185057,0.890697785802,0.109302214198,0.390697785802,1,"NJ",2,0,"Frank A. LoBiondo, NJ"
"Dave Loebsack",37.5464562745,0.559831548745,-3.22663442453,5.54075609928,"loebsack","dave",1.69265458104,66.3033926946,0.0248934261454,0.975106573855,-0.475106573855,0,"IA",2,0,"Dave Loebsack, IA"
"Zoe Lofgren",37.8714450759,0.427586252449,2.27074552447,-3.54987488129,"lofgren","zoe",1.62747047804,67.5463926969,0.0235272457449,0.976472754255,-0.476472754255,0,"CA",19,0,"Zoe Lofgren, CA"
"Billy Long",-30.7389649545,-2.42939171579,0.497002618505,2.03473622894,"long","billy",67.4469909347,2.07675350481,0.970128859981,0.0298711400192,0.470128859981,1,"MO",7,0,"Billy Long, MO"
"Barry Loudermilk",-31.599299329,-1.42503581995,5.98235747658,1.68496003519,"loudermilk","barry",68.5736599822,3.0410089054,0.957536508195,0.0424634918046,0.457536508195,1,"GA",11,0,"Barry Loudermilk, GA"
"Mia Love",-32.7831121306,-0.315727794264,3.75073169315,2.47598175931,"love","mia",69.5166339256,3.92410812761,0.946567695016,0.0534323049836,0.446567695016,1,"UT",4,0,"Mia Love, UT"
"Alan Lowenthal",39.6752881996,1.95038214472,0.780277223662,-3.88579532603,"lowenthal","alan",1.26462922935,69.0714856865,0.0179797992946,0.982020200705,-0.482020200705,0,"CA",47,0,"Alan Lowenthal, CA"
"Nita M. Lowey",39.1765724581,0.543339032296,-1.46247803432,-0.062828682981,"lowey","nita",0,68.1633804946,0,1,-0.5,0,"NY",17,0,"Nita M. Lowey, NY"
"Frank D. Lucas",-31.8240224506,-1.59860441549,-6.25583439055,-0.0731944557039,"lucas","frank",68.6754161897,0,1,0,0.5,1,"OK",3,0,"Frank D. Lucas, OK"
"Blaine Luetkemeyer",-32.2007577802,-1.06523755573,-3.1664822652,0.877133347534,"luetkemeyer","blaine",68.8508474887,1.27960556557,0.981753924154,0.0182460758463,0.481753924154,1,"MO",3,0,"Blaine Luetkemeyer, MO"
"Michelle Lujan Grisham",36.6615162,-0.825513937186,-2.66889917056,3.92526011895,"grisham","michelle",2.51308764695,65.4850433095,0.036958187109,0.963041812891,-0.463041812891,0,"NM",1,0,"Michelle Lujan Grisham, NM"
"Ben Ray Luján",38.4802698346,0.25739699353,-1.9791098404,1.79878754861,"luján","ben",0.656963135432,67.3929951331,0.00965412987969,0.99034587012,-0.49034587012,0,"NM",3,0,"Ben Ray Luján, NM"
"Stephen F. Lynch",37.3145097086,0.630142619816,-1.6869940268,1.82639573039,"lynch","stephen",1.00505959166,66.2911502345,0.0149348617739,0.985065138226,-0.485065138226,0,"MA",8,0,"Stephen F. Lynch, MA"
"Tom MacArthur",-26.1540398362,-1.7967517132,-13.5087020415,-4.99096521486,"macarthur","tom",64.0745628494,2.84100381017,0.957543454356,0.0424565456439,0.457543454356,1,"NJ",3,0,"Tom MacArthur, NJ"
"Carolyn B. Maloney",37.9167122429,0.90144947485,-0.321798552098,-0.39584755793,"maloney","carolyn",1.15710189547,67.1118981226,0.0169491554756,0.983050844524,-0.483050844524,0,"NY",12,0,"Carolyn B. Maloney, NY"
"Sean Patrick Maloney",34.4956674421,-1.71114877955,-4.69611153549,8.96534001278,"maloney","sean",5.45131068553,63.0874683083,0.0795361511478,0.920463848852,-0.420463848852,0,"NY",18,0,"Sean Patrick Maloney, NY"
"Kenny Marchant",-32.2486293136,-0.217143827171,5.0063494202,3.29432889953,"marchant","kenny",69.0756499138,3.2714397764,0.954781321676,0.0452186783243,0.454781321676,1,"TX",24,0,"Kenny Marchant, TX"
"Tom Marino",-28.6444696859,-2.53867456998,-7.36668047159,-1.24177184679,"marino","tom",65.6735417419,2.58277918674,0.962160585985,0.0378394140147,0.462160585985,1,"PA",10,0,"Tom Marino, PA"
"Roger Marshall",-9.08407266052,17.3126282678,3.21892461568,-0.0273578938869,"marshall","roger",48.2189354796,27.8851276783,0.633592130023,0.366407869977,0.133592130023,1,"KS",1,0,"Roger Marshall, KS"
"Thomas Massie",-26.6973038489,1.74889852949,14.8529305242,-6.22752951619,"massie","thomas",65.1580183101,7.72563853294,0.894000399162,0.105999600838,0.394000399162,1,"KY",4,0,"Thomas Massie, KY"
"Brian Mast",-7.35306817113,14.535761486,0.599389277699,-2.39152890243,"mast","brian",45.6017588478,28.1560733957,0.618263274024,0.381736725976,0.118263274024,1,"FL",18,0,"Brian Mast, FL"
"Doris Matsui",39.5276079157,1.68363532753,-0.498106101771,-0.898255499486,"matsui","doris",0.7009212091,68.6950174225,0.0101003203202,0.98989967968,-0.48989967968,0,"CA",6,0,"Doris Matsui, CA"
"Kevin McCarthy",-32.5165720446,-1.42204666489,-1.97890531467,2.11337219245,"mccarthy","kevin",69.154860921,0,1,0,0.5,1,"CA",23,0,"Kevin McCarthy, CA"
"Michael McCaul",-32.5966892089,-1.28650403324,0.533488357826,2.64117258672,"mccaul","michael",69.2332664826,1.68107660321,0.976294265306,0.0237057346943,0.476294265306,1,"TX",10,0,"Michael McCaul, TX"
"Tom McClintock",-33.020899079,0.42126621208,8.95546651045,-0.500290395743,"mcclintock","tom",70.2679520341,1.13954420333,0.984041672606,0.0159583273938,0.484041672606,1,"CA",4,0,"Tom McClintock, CA"
"Betty McCollum",39.4905920647,0.941429294737,0.253829709457,-1.47753207771,"mccollum","betty",0.681664545566,68.7619507162,0.00981608666249,0.990183913338,-0.490183913338,0,"MN",4,0,"Betty McCollum, MN"
"A. Donald McEachin",14.6914724247,-15.1227922347,6.41575921044,-2.73662259088,"mceachin","a.",28.8331308764,48.5872118587,0.372423188244,0.627576811756,-0.127576811756,0,"VA",4,0,"A. Donald McEachin, VA"
"Jim McGovern",40.026966052,1.94842933425,2.52654645536,-4.88504122967,"mcgovern","jim",0.960811045523,69.7532847775,0.0135872633927,0.986412736607,-0.486412736607,0,"MA",2,0,"Jim McGovern, MA"
"Patrick T. McHenry",-33.1314416021,-0.972613709993,-0.430564474388,2.33400751743,"mchenry","patrick",69.7393283139,1.72551844712,0.975855003889,0.024144996111,0.475855003889,1,"NC",10,0,"Patrick T. McHenry, NC"
"David McKinley",-29.3096835345,-1.95863573529,-7.61555617703,-2.13524368535,"mckinley","david",66.3194305674,2.1165587531,0.969072431419,0.0309275685808,0.469072431419,1,"WV",1,0,"David McKinley, WV"
"Cathy McMorris Rodgers",-32.8296172262,-0.826779638475,-2.3853172467,1.2413427697,"rodgers","cathy",69.4463291242,0.78581853945,0.988811127588,0.0111888724123,0.488811127588,1,"WA",5,0,"Cathy McMorris Rodgers, WA"
"Jerry McNerney",38.3595789047,0.723938435809,-1.37595401853,0.912798441517,"mcnerney","jerry",0,67.3733924315,0,1,-0.5,0,"CA",9,0,"Jerry McNerney, CA"
"Martha McSally",-28.8615523645,-1.1604161312,-6.92525873532,-1.36379369216,"mcsally","martha",65.7614594767,2.85035682768,0.958456764721,0.0415432352793,0.458456764721,1,"AZ",2,0,"Martha McSally, AZ"
"Mark Meadows",-32.6178078504,-0.511647804187,7.20414404686,1.50875002763,"meadows","mark",69.674723152,2.15143911973,0.970046581194,0.0299534188057,0.470046581194,1,"NC",11,0,"Mark Meadows, NC"
"Pat Meehan",-25.2756855727,-2.1414018952,-14.1724862088,-5.23430849044,"meehan","pat",63.374368201,3.99286557492,0.940729857067,0.0592701429333,0.440729857067,1,"PA",7,0,"Pat Meehan, PA"
"Gregory W. Meeks",35.7644556804,-0.329177588725,0.205518578342,0.651292642966,"meeks","gregory",2.88301240796,65.0654143185,0.0424294210603,0.95757057894,-0.45757057894,0,"NY",5,0,"Gregory W. Meeks, NY"
"Grace Meng",38.6153355045,0.257021967554,-0.778592031055,-0.586953897459,"meng","grace",0.800164839729,67.7107016135,0.0116793857844,0.988320614216,-0.488320614216,0,"NY",6,0,"Grace Meng, NY"
"Luke Messer",-32.8878374332,-0.760248079505,3.57150828652,1.9803693303,"messer","luke",69.6270724262,3.81870178791,0.948006514619,0.0519934853812,0.448006514619,1,"IN",6,0,"Luke Messer, IN"
"Paul Mitchell",-8.6368775306,16.4066071568,1.67147882981,-1.08491098028,"mitchell","paul",47.4098402448,28.025414279,0.628483863998,0.371516136002,0.128483863998,1,"MI",10,0,"Paul Mitchell, MI"
"John Moolenaar",-31.5624226439,-1.74616739615,-4.85870233768,-0.403730841319,"moolenaar","john",68.327728034,1.42905117659,0.979513802203,0.020486197797,0.479513802203,1,"MI",4,0,"John Moolenaar, MI"
"Alex Mooney",-31.9031463396,-0.250208338219,5.18819910202,0.781080536915,"mooney","alex",68.7486242888,3.02163522671,0.957898504936,0.0421014950636,0.457898504936,1,"WV",2,0,"Alex Mooney, WV"
"Gwen Moore",37.9553765945,1.03388739465,1.07108437031,-4.25303398339,"moore","gwen",1.90695721947,67.4046188129,0.0275128243885,0.972487175611,-0.472487175611,0,"WI",4,0,"Gwen Moore, WI"
"Seth Moulton",37.7406459936,0.117213462411,-2.32238525106,3.50274147543,"moulton","seth",1.08388240637,66.6096709978,0.0160116045304,0.98398839547,-0.48398839547,0,"MA",6,0,"Seth Moulton, MA"
"Markwayne Mullin",-32.9230347679,-0.714370585007,-0.87769530307,2.37129710855,"mullin","markwayne",69.5183193074,1.37064979813,0.980664836639,0.0193351633607,0.480664836639,1,"OK",2,0,"Markwayne Mullin, OK"
"Stephanie Murphy",12.7809832705,-13.2311521221,5.28268901199,-0.491983985635,"murphy","stephanie",29.0024648506,46.0545913767,0.386405573418,0.613594426582,-0.113594426582,0,"FL",7,0,"Stephanie Murphy, FL"
"Jerrold Nadler",37.7578475012,0.636897411518,1.88216264395,-4.98300049577,"nadler","jerrold",1.70430796063,67.3600113508,0.0246771122574,0.975322887743,-0.475322887743,0,"NY",10,0,"Jerrold Nadler, NY"
"Grace F. Napolitano",35.99227378,5.4371711679,0.0256572523264,-2.16539104877,"napolitano","grace",3.37223076441,65.5603749548,0.0489206918733,0.951079308127,-0.451079308127,0,"CA",32,0,"Grace F. Napolitano, CA"
"Richard E. Neal",38.9784712443,0.796859087083,-0.27668140224,-0.535854860733,"neal","richard",0.384549314157,68.1629252828,0.0056099705557,0.994390029444,-0.494390029444,0,"MA",1,0,"Richard E. Neal, MA"
"Dan Newhouse",-30.3859035057,-2.0889344069,-5.74522149458,-1.607840158,"newhouse","dan",67.2348894596,1.6029145734,0.976714617848,0.0232853821518,0.476714617848,1,"WA",4,0,"Dan Newhouse, WA"
"Kristi Noem",-31.6685182798,-0.375627981883,-3.03451768737,0.857104762755,"noem","kristi",68.2854079931,1.71128744794,0.975551882312,0.0244481176884,0.475551882312,1,"SD",1,0,"Kristi Noem, SD"
"Rick Nolan",37.025430881,0.527378054911,0.865370496743,0.453772974395,"nolan","rick",2.48356662748,66.4401770407,0.0360335422208,0.963966457779,-0.463966457779,0,"MN",8,0,"Rick Nolan, MN"
"Donald W. Norcross",37.2529042161,-0.270210290797,-3.37383999836,4.72739698518,"norcross","donald",2.23714021168,65.9804877537,0.0327941659422,0.967205834058,-0.467205834058,0,"NJ",1,0,"Donald W. Norcross, NJ"
"Ralph Norman",-3.19737958378,9.84440935713,6.03195128079,1.00347176209,"norman","ralph",41.0378812881,29.4043332831,0.582575115475,0.417424884525,0.0825751154746,1,"SC",5,0,"Ralph Norman, SC"
"Devin Nunes",-31.4113804975,-1.78595066762,-8.03504118288,-1.09586579169,"nunes","devin",68.4387447002,0,1,0,0.5,1,"CA",22,0,"Devin Nunes, CA"
"Tom O'Halleran",12.2680667267,-12.6186282515,5.09801831851,0.0614533595726,"o'halleran","tom",29.0682707904,45.368049364,0.390511926572,0.609488073428,-0.109488073428,0,"AZ",1,0,"Tom O'Halleran, AZ"
"Beto O'Rourke",37.2462670672,0.249092371942,-0.0627638146761,0.868331105044,"o'rourke","beto",1.78589208616,66.4822269845,0.0261599720407,0.973840027959,-0.473840027959,0,"TX",16,0,"Beto O'Rourke, TX"
"Pete Olson",-33.5432451565,-0.627249385771,3.96536819853,3.41824701672,"olson","pete",70.3010232828,4.47192301207,0.940193302074,0.0598066979256,0.440193302074,1,"TX",22,0,"Pete Olson, TX"
"Steven Palazzo",-31.3849791052,-0.609874823311,-1.12062755535,1.25116107933,"palazzo","steven",67.9776812586,1.30959669466,0.981099030972,0.0189009690285,0.481099030972,1,"MS",4,0,"Steven Palazzo, MS"
"Frank Pallone",40.0627870797,1.31650728569,1.80367077883,-4.55118554091,"pallone","frank",0,69.6211580662,0,1,-0.5,0,"NJ",6,0,"Frank Pallone, NJ"
"Gary Palmer",-33.6616655345,-0.179916110535,8.43766367151,1.99741669759,"palmer","gary",70.8502642362,2.08547700999,0.971406652289,0.0285933477107,0.471406652289,1,"AL",6,0,"Gary Palmer, AL"
"Jimmy Panetta",14.8483198765,-15.5196476527,6.09970483051,-2.23761594759,"panetta","jimmy",28.8781521616,48.8170308198,0.371685232642,0.628314767358,-0.128314767358,0,"CA",20,0,"Jimmy Panetta, CA"
"Bill Pascrell Jr.",38.4006517681,0.865586154068,-1.18529337352,0.707898192918,"jr.","bill",0.24104468,67.4471008822,0.00356110627641,0.996438893724,-0.496438893724,0,"NJ",9,0,"Bill Pascrell Jr., NJ"
"Erik Paulsen",-29.814244715,-1.96736015625,-6.10097747423,-1.0361875778,"paulsen","erik",66.6851228156,2.0491871577,0.970186837425,0.0298131625748,0.470186837425,1,"MN",3,0,"Erik Paulsen, MN"
"Donald M. Payne Jr.",34.3683115571,-0.64073241721,0.503472669759,-4.12151213882,"jr.","donald",3.85104211026,63.7482061619,0.0569687120595,0.94303128794,-0.44303128794,0,"NJ",10,0,"Donald M. Payne Jr., NJ"
"Steve Pearce",-31.0408084417,-0.0492170279074,0.88887555162,0.923554950733,"pearce","steve",67.6350582339,0.835110013844,0.987803301274,0.0121966987261,0.487803301274,1,"NM",2,0,"Steve Pearce, NM"
"Nancy Pelosi",36.5328197937,2.23197600352,-0.872381885896,-2.13237173499,"pelosi","nancy",0,65.7054881934,0,1,-0.5,0,"CA",12,0,"Nancy Pelosi, CA"
"Ed Perlmutter",36.4335738207,-0.184595515411,-2.35624961743,2.6669182008,"perlmutter","ed",2.21447231065,65.3073266191,0.0327964056905,0.967203594309,-0.467203594309,0,"CO",7,0,"Ed Perlmutter, CO"
"Scott Perry",-32.7124082956,0.482133691387,9.58495330049,-0.162229235811,"perry","scott",70.0522620652,0.819071468311,0.988442838204,0.0115571617955,0.488442838204,1,"PA",4,0,"Scott Perry, PA"
"Scott Peters",31.4978549558,-0.498273044932,-5.86380452946,10.8515716134,"peters","scott",7.59733050435,59.979547024,0.112425000714,0.887574999286,-0.387574999286,0,"CA",52,0,"Scott Peters, CA"
"Collin C. Peterson",10.1408960675,-5.69683903305,-6.28417452048,10.9800167693,"peterson","collin",28.0835760788,39.0165159703,0.418532601389,0.581467398611,-0.0814673986108,0,"MN",7,0,"Collin C. Peterson, MN"
"Chellie Pingree",39.8353344173,1.17158478719,1.03697663682,-2.42097240415,"pingree","chellie",0.812746671221,69.2480891542,0.0116005848581,0.988399415142,-0.488399415142,0,"ME",1,0,"Chellie Pingree, ME"
"Robert Pittenger",-33.1224521735,-0.711143345995,1.92766094658,3.11271114849,"pittenger","robert",69.7736275694,2.62629652024,0.963725148151,0.0362748518492,0.463725148151,1,"NC",9,0,"Robert Pittenger, NC"
"Mark Pocan",39.2046770674,2.55174017114,1.54317624128,-4.96046704275,"pocan","mark",1.47326798154,68.7800142112,0.0209708064244,0.979029193576,-0.479029193576,0,"WI",2,0,"Mark Pocan, WI"
"Ted Poe",-28.363736265,1.19976752709,3.10892299005,0.420586837308,"poe","ted",65.0267578088,4.40098083884,0.936610626753,0.0633893732471,0.436610626753,1,"TX",2,0,"Ted Poe, TX"
"Bruce Poliquin",-28.3782117834,-0.63927467603,-5.26293915727,-1.72661020929,"poliquin","bruce",65.1226772639,3.71211067288,0.946072171003,0.0539278289967,0.446072171003,1,"ME",2,0,"Bruce Poliquin, ME"
"Jared Polis",37.6034550298,0.995976956076,4.54815561123,-1.97316675283,"polis","jared",1.93290471427,67.8088395467,0.0277151759645,0.972284824035,-0.472284824035,0,"CO",2,0,"Jared Polis, CO"
"Bill Posey",-30.7291423185,-2.10660001576,6.60745495372,-1.58274674356,"posey","bill",67.8155052197,3.30247340055,0.953563452384,0.046436547616,0.453563452384,1,"FL",8,0,"Bill Posey, FL"
"David E. Price",39.1390948677,0.758526001964,-1.13126348457,-0.88059983378,"price","david",0.396753172217,68.1819976078,0.00578536598734,0.994214634013,-0.494214634013,0,"NC",4,0,"David E. Price, NC"
"Mike Quigley",38.4538955324,0.154720089894,-2.67782498416,2.64215555399,"quigley","mike",1.17548154968,67.2674639416,0.0171746195498,0.98282538045,-0.48282538045,0,"IL",5,0,"Mike Quigley, IL"
"Jamie Raskin",15.4979891125,-16.0239424563,6.77404431875,-3.67287192035,"raskin","jamie",28.8827023372,49.6421851301,0.367815902305,0.632184097695,-0.132184097695,0,"MD",8,0,"Jamie Raskin, MD"
"John Ratcliffe",-33.9770711919,-0.419748692394,7.09118703242,3.07660565106,"ratcliffe","john",71.0077094447,3.18334205653,0.957092641335,0.0429073586655,0.457092641335,1,"TX",4,0,"John Ratcliffe, TX"
"Tom Reed",-28.1886966652,-2.43115950167,-11.1877183698,-3.9568732077,"reed","tom",65.7040766791,1.63882409318,0.975664486169,0.0243355138313,0.475664486169,1,"NY",23,0,"Tom Reed, NY"
"Dave Reichert",-23.7576592247,-1.46978843348,-13.822071784,-5.16944754322,"reichert","dave",61.7765278134,4.92885442927,0.926110093915,0.073889906085,0.426110093915,1,"WA",8,0,"Dave Reichert, WA"
"Jim Renacci",-31.130543722,-1.48531785096,-4.53730871942,-0.817025497718,"renacci","jim",67.8644290077,1.85663057044,0.973370591588,0.0266294084122,0.473370591588,1,"OH",16,0,"Jim Renacci, OH"
"Kathleen Rice",36.0170940883,-1.43869340741,-2.367136707,4.88654233078,"rice","kathleen",3.28372502044,64.8921204494,0.0481655195886,0.951834480411,-0.451834480411,0,"NY",4,0,"Kathleen Rice, NY"
"Tom Rice",-32.1359002331,-0.0754571004976,4.01575996705,-0.0484524274094,"rice","tom",68.8811388439,3.98123216278,0.94535955792,0.0546404420797,0.44535955792,1,"SC",7,0,"Tom Rice, SC"
"Cedric Richmond",36.3732366314,1.89763678847,-1.43953825528,1.09224105475,"richmond","cedric",0.677433276216,65.4414866199,0.0102456797129,0.989754320287,-0.489754320287,0,"LA",2,0,"Cedric Richmond, LA"
"Martha Roby",-31.3779736265,-0.798894389416,-5.30596234518,0.101979444057,"roby","martha",68.1228205082,1.3193758304,0.981000372973,0.0189996270275,0.481000372973,1,"AL",2,0,"Martha Roby, AL"
"Phil Roe",-31.540509742,0.390086009092,2.98666263059,2.75192470283,"roe","phil",68.207499422,2.9605894899,0.958400042278,0.0415999577221,0.458400042278,1,"TN",1,0,"Phil Roe, TN"
"Mike D. Rogers",-30.7903040535,-1.07276034452,-4.42213296801,-0.214737618972,"rogers","mike",67.497592695,2.16968813853,0.968856425677,0.0311435743231,0.468856425677,1,"AL",3,0,"Mike D. Rogers, AL"
"Harold Rogers",-30.6522348147,-1.53506720258,-9.59461012509,-2.10041954208,"rogers","harold",67.8535145936,1.14563870989,0.983396336693,0.0166036633066,0.483396336693,1,"KY",5,0,"Harold Rogers, KY"
"Dana Rohrabacher",-31.152212269,0.914075767079,7.87349610366,-2.93739706759,"rohrabacher","dana",68.2604629941,0,1,0,0.5,1,"CA",48,0,"Dana Rohrabacher, CA"
"Todd Rokita",-32.5086296036,0.267810409447,4.46969933867,0.850911205523,"rokita","todd",69.2756632098,3.72066651494,0.949029402862,0.0509705971378,0.449029402862,1,"IN",4,0,"Todd Rokita, IN"
"Francis Rooney",-7.91142885945,15.6912095964,3.06463075098,-0.815590621556,"rooney","francis",46.6041014907,27.957519269,0.625041422327,0.374958577673,0.125041422327,1,"FL",19,0,"Francis Rooney, FL"
"Tom Rooney",-29.637572896,-2.4367402126,-2.41417836548,-0.250585691647,"rooney","tom",66.3528063927,3.08345613274,0.955592999672,0.0444070003279,0.455592999672,1,"FL",17,0,"Tom Rooney, FL"
"Ileana Ros-Lehtinen",-20.0101726947,-3.17526152949,-12.237706943,-4.87743625481,"ros-lehtinen","ileana",57.9268403327,8.50798355545,0.871934882077,0.128065117923,0.371934882077,1,"FL",27,0,"Ileana Ros-Lehtinen, FL"
"Jacky Rosen",13.2897589165,-13.8283922026,5.46990188163,-0.728829720882,"rosen","jacky",28.9551354554,46.7384627063,0.382530836935,0.617469163065,-0.117469163065,0,"NV",3,0,"Jacky Rosen, NV"
"Peter Roskam",-29.891468849,-1.93317461959,-4.9958193332,-0.957143505505,"roskam","peter",66.6823615193,2.33116678708,0.966221596776,0.0337784032245,0.466221596776,1,"IL",6,0,"Peter Roskam, IL"
"Dennis Ross",-30.7795799038,-3.24303855252,-1.17758681996,0.716563641384,"ross","dennis",67.5353839663,2.64107260069,0.962365261373,0.0376347386274,0.462365261373,1,"FL",15,0,"Dennis Ross, FL"
"Keith Rothfus",-32.946285047,-0.984142207033,1.17698121742,1.6316750458,"rothfus","keith",69.5836856953,2.0956459555,0.970763595206,0.0292364047939,0.470763595206,1,"PA",12,0,"Keith Rothfus, PA"
"David Rouzer",-33.7355401703,-0.416581004995,3.93813869466,3.10251425102,"rouzer","david",70.4826104405,4.54894142243,0.939372952985,0.0606270470154,0.439372952985,1,"NC",7,0,"David Rouzer, NC"
"Lucille Roybal-Allard",39.6516267993,1.68424650176,-0.740805609884,-1.88628591491,"roybal-allard","lucille",0.834246905801,68.7780424234,0.0119841900595,0.98801580994,-0.48801580994,0,"CA",40,0,"Lucille Roybal-Allard, CA"
"Edward Royce",-31.6112908382,-0.7882194016,-0.573565762884,0.392417966185,"royce","edward",68.2116609178,0.917185738253,0.986732228547,0.0132677714531,0.486732228547,1,"CA",39,0,"Edward Royce, CA"
"Raul Ruiz",35.0364059129,-1.28377771229,-3.92698947615,8.43642485118,"ruiz","raul",4.46524912783,63.710560577,0.0654960923407,0.934503907659,-0.434503907659,0,"CA",36,0,"Raul Ruiz, CA"
"C.A. Dutch Ruppersberger",34.8039188725,-2.11920968121,-4.39407291558,7.6040921711,"ruppersberger","c.a.",5.29329019215,63.4346675494,0.0770180049879,0.922981995012,-0.422981995012,0,"MD",2,0,"C.A. Dutch Ruppersberger, MD"
"Bobby L. Rush",31.5781985817,2.87761654355,0.630412433085,-4.70996296149,"rush","bobby",5.21761572233,61.1538132918,0.0786123758344,0.921387624166,-0.421387624166,0,"IL",1,0,"Bobby L. Rush, IL"
"Steve Russell",-30.7664902376,-0.939100435546,1.04129037844,1.83610281138,"russell","steve",67.401149827,1.10200577033,0.983913065599,0.0160869344007,0.483913065599,1,"OK",5,0,"Steve Russell, OK"
"John Rutherford",-7.13717633375,14.3543156007,1.20799295718,-1.86356110701,"rutherford","john",45.3690162839,28.2596793185,0.616186609211,0.383813390789,0.116186609211,1,"FL",4,0,"John Rutherford, FL"
"Tim Ryan",36.9906896896,1.36088277587,-1.44133760956,1.33242842881,"ryan","tim",1.13673166065,66.0299760879,0.016924034224,0.983075965776,-0.483075965776,0,"OH",13,0,"Tim Ryan, OH"
"Paul D. Ryan",-7.8706203463,-7.32858052878,3.23386115778,0.0157511065656,"ryan","paul",45.6062601997,24.518103389,0.65036255398,0.34963744602,0.15036255398,1,"WI",1,0,"Paul D. Ryan, WI"
"Linda T. Sánchez",39.9925528457,1.23612229033,0.59773754751,-2.81193392014,"sánchez","linda",1.2106484021,69.3249224555,0.0171636578167,0.982836342183,-0.482836342183,0,"CA",38,0,"Linda T. Sánchez, CA"
"Mark Sanford",-27.1124074126,1.32950496006,10.2811226501,-7.81775168803,"sanford","mark",64.6214365637,4.72115137219,0.931915558494,0.068084441506,0.431915558494,1,"SC",1,0,"Mark Sanford, SC"
"John Sarbanes",40.0059529622,1.36456549289,0.662556572855,-2.59949601975,"sarbanes","john",1.14353895398,69.3537305821,0.0162210389353,0.983778961065,-0.483778961065,0,"MD",3,0,"John Sarbanes, MD"
"Steve Scalise",-27.9152138267,-8.07643748104,0.511877451387,0.505622870134,"scalise","steve",65.2819163323,8.32696661436,0.886875519896,0.113124480104,0.386875519896,1,"LA",1,0,"Steve Scalise, LA"
"Jan Schakowsky",39.7980831701,1.36670801183,1.79197608053,-3.68780190307,"schakowsky","jan",0.269675802829,69.3610042266,0.00387294512584,0.996127054874,-0.496127054874,0,"IL",9,0,"Jan Schakowsky, IL"
"Adam B. Schiff",39.6096235665,0.74815304015,-1.42083996379,0.307620676101,"schiff","adam",0.480849008701,68.6022521113,0.00696044330531,0.993039556695,-0.493039556695,0,"CA",28,0,"Adam B. Schiff, CA"
"Brad Schneider",13.7937019075,-14.0189506505,5.5346355426,-0.764576306612,"schneider","brad",28.6742039416,47.2625234533,0.377606527504,0.622393472496,-0.122393472496,0,"IL",10,0,"Brad Schneider, IL"
"Kurt Schrader",28.5667828433,-1.00363619411,-1.98948886974,4.38044060206,"schrader","kurt",8.67034364958,57.5907343703,0.130851231352,0.869148768648,-0.369148768648,0,"OR",5,0,"Kurt Schrader, OR"
"David Schweikert",-32.2314749855,-0.0727000193278,7.68303215346,-0.20428870599,"schweikert","david",69.332783569,1.47472403527,0.979172772985,0.0208272270154,0.479172772985,1,"AZ",6,0,"David Schweikert, AZ"
"Robert C. Scott",39.5621298302,1.2361788177,-0.460309078794,-1.05741987019,"scott","robert",0.373412782314,68.7199401177,0.0054044675304,0.99459553247,-0.49459553247,0,"VA",3,0,"Robert C. Scott, VA"
"Austin Scott",-33.2937861702,-0.761652558741,3.26456343703,3.28459924053,"scott","austin",70.013077557,3.75799249193,0.949058723298,0.0509412767015,0.449058723298,1,"GA",8,0,"Austin Scott, GA"
"David Scott",34.9148664719,-1.21113974039,-2.93452406191,5.10486121758,"scott","david",4.13240976775,63.7192101466,0.0609036272526,0.939096372747,-0.439096372747,0,"GA",13,0,"David Scott, GA"
"F. James Sensenbrenner",-31.9641332412,0.60091429179,9.00261418898,-0.928109263588,"sensenbrenner","f.",69.2243344847,0.310162775745,0.995539440307,0.00446055969288,0.495539440307,1,"WI",5,0,"F. James Sensenbrenner, WI"
"José E. Serrano",40.3176727871,1.68583670493,1.01772230374,-4.28891504624,"serrano","josé",0.905033673017,69.7355567493,0.01281180788,0.98718819212,-0.48718819212,0,"NY",15,0,"José E. Serrano, NY"
"Pete Sessions",-33.4124883119,-0.605833472558,2.98837790669,3.28497938244,"sessions","pete",70.1092344473,3.59427948878,0.951233268309,0.0487667316907,0.451233268309,1,"TX",32,0,"Pete Sessions, TX"
"Terri Sewell",35.0046979348,-2.22295583787,-3.86900631823,4.59669257137,"sewell","terri",4.97642226241,63.6989567515,0.0724629748516,0.927537025148,-0.427537025148,0,"AL",7,0,"Terri Sewell, AL"
"Carol Shea-Porter",14.8961186333,-15.2965184966,5.82419324277,-1.51331709409,"shea-porter","carol",28.6398162529,48.7113867968,0.370256894834,0.629743105166,-0.129743105166,0,"NH",1,0,"Carol Shea-Porter, NH"
"Brad Sherman",38.4327470476,0.352104872845,-1.55008193717,0.59254699601,"sherman","brad",0.417054322278,67.4112287194,0.00614867874545,0.993851321255,-0.493851321255,0,"CA",30,0,"Brad Sherman, CA"
"John Shimkus",-30.7231176564,-1.8248637504,-9.1940413065,-1.85746022294,"shimkus","john",67.8901251037,1.21375208122,0.982435832392,0.0175641676078,0.482435832392,1,"IL",15,0,"John Shimkus, IL"
"Bill Shuster",-30.456034527,-2.16521307122,-8.04251543114,-1.45175837565,"shuster","bill",67.514833111,1.02790162883,0.985003492599,0.0149965074013,0.485003492599,1,"PA",9,0,"Bill Shuster, PA"
"Mike Simpson",-29.1301556598,-2.00751941262,-11.5026810247,-2.85145464853,"simpson","mike",66.6528538516,1.47936605533,0.978286836135,0.021713163865,0.478286836135,1,"ID",2,0,"Mike Simpson, ID"
"Kyrsten Sinema",19.764703494,-2.81893296979,-7.62102239411,13.1330864794,"sinema","kyrsten",18.7676731218,48.1716292528,0.280368519778,0.719631480222,-0.219631480222,0,"AZ",9,0,"Kyrsten Sinema, AZ"
"Albio Sires",36.7928035558,-0.421725557814,-1.49939486585,0.598633687524,"sires","albio",1.94488267592,65.7887206612,0.0287137045736,0.971286295426,-0.471286295426,0,"NJ",8,0,"Albio Sires, NJ"
"Louise M. Slaughter",38.5382493419,2.79109925045,0.12126448039,-3.25894286494,"slaughter","louise",1.94196414403,67.8766235819,0.0278144288976,0.972185571102,-0.472185571102,0,"NY",25,0,"Louise M. Slaughter, NY"
"Jason Smith",-33.6265643312,-0.575295644082,4.58706913253,3.50886691471,"smith","jason",70.4274489124,4.37507114969,0.941511714498,0.0584882855024,0.441511714498,1,"MO",8,0,"Jason Smith, MO"
"Adrian Smith",-32.8479121406,-1.73824486445,1.49334117734,2.70801901431,"smith","adrian",69.5344897378,2.49016826723,0.965426170201,0.0345738297995,0.465426170201,1,"NE",3,0,"Adrian Smith, NE"
"Christopher H. Smith",-23.7580487142,-3.83966566165,-11.4541860771,-7.1386653575,"smith","christopher",61.512829864,5.332254717,0.920229666094,0.0797703339059,0.420229666094,1,"NJ",4,0,"Christopher H. Smith, NJ"
"Lamar Smith",-32.8633564688,-1.28728386535,3.19067614882,2.84510218943,"smith","lamar",69.6040437795,3.55999041419,0.951342343907,0.0486576560932,0.451342343907,1,"TX",21,0,"Lamar Smith, TX"
"Adam Smith",34.0434890294,-2.58908243318,-0.0609751045577,-0.795941342503,"smith","adam",5.4861419111,63.3451434214,0.0797041909737,0.920295809026,-0.420295809026,0,"WA",9,0,"Adam Smith, WA"
"Lloyd Smucker",-8.5779470809,16.2407118322,1.00137609419,-1.27102971322,"smucker","lloyd",47.27300431,28.112421291,0.627084133745,0.372915866255,0.127084133745,1,"PA",16,0,"Lloyd Smucker, PA"
"Darren Soto",14.9339674465,-15.6415648347,6.18593227893,-1.99968123683,"soto","darren",28.9100965696,48.9461165205,0.371326775631,0.628673224369,-0.128673224369,0,"FL",9,0,"Darren Soto, FL"
"Jackie Speier",37.818931865,0.350815949569,0.798562061276,-2.02552633454,"speier","jackie",1.97757231042,67.2032366012,0.0285855621166,0.971414437883,-0.471414437883,0,"CA",14,0,"Jackie Speier, CA"
"Elise Stefanik",-24.978614284,-1.63870292707,-14.5078373003,-4.96058117179,"stefanik","elise",63.1234055009,4.3008966921,0.936211476393,0.0637885236067,0.436211476393,1,"NY",21,0,"Elise Stefanik, NY"
"Chris Stewart",-32.5271331994,-0.442861476364,2.27234350754,2.24441261012,"stewart","chris",69.1832433524,2.49338904391,0.965213362283,0.0347866377166,0.465213362283,1,"UT",2,0,"Chris Stewart, UT"
"Steve Stivers",-29.0028934532,-2.12130105408,-9.48851769584,-2.4382078695,"stivers","steve",66.2428753015,0.682603181875,0.989800548351,0.010199451649,0.489800548351,1,"OH",15,0,"Steve Stivers, OH"
"Thomas Suozzi",13.1135713664,-13.6413345617,5.30123973533,-0.784749555026,"suozzi","thomas",28.9574997042,46.4684146256,0.383919770301,0.616080229699,-0.116080229699,0,"NY",3,0,"Thomas Suozzi, NY"
"Eric Swalwell",38.1011198945,0.853549358228,-1.174869416,1.32376358906,"swalwell","eric",0.352186127655,67.1527110394,0.0052171937509,0.994782806249,-0.494782806249,0,"CA",15,0,"Eric Swalwell, CA"
"Mark Takano",40.0718801898,1.99061710373,1.15549618491,-4.3096606645,"takano","mark",0.935220313964,69.5315069318,0.0132718000469,0.986728199953,-0.486728199953,0,"CA",41,0,"Mark Takano, CA"
"Scott Taylor",-8.57969152206,16.6147640113,2.7295437815,-0.51168489125,"taylor","scott",47.4865995477,27.9730325439,0.629298052898,0.370701947102,0.129298052898,1,"VA",2,0,"Scott Taylor, VA"
"Claudia Tenney",-8.03887118805,15.3389298393,0.131334221559,-2.23620627167,"tenney","claudia",46.4697247877,28.0183530793,0.623854529723,0.376145470277,0.123854529723,1,"NY",22,0,"Claudia Tenney, NY"
"Mike Thompson",38.2964487358,0.839009921234,-1.73510826817,0.518114832078,"thompson","mike",0,67.2594906326,0,1,-0.5,0,"CA",5,0,"Mike Thompson, CA"
"Bennie Thompson",37.737655425,0.337779874555,-0.883452469651,-0.329697328854,"thompson","bennie",0.882306650003,66.82920441,0.0130303789738,0.986969621026,-0.486969621026,0,"MS",2,0,"Bennie Thompson, MS"
"Glenn Thompson",-30.3069387957,-1.41841542458,-8.18181148903,-2.61045058164,"thompson","glenn",67.3372589803,1.17320720691,0.98287550396,0.0171244960398,0.48287550396,1,"PA",5,0,"Glenn Thompson, PA"
"William M. Thornberry",-32.6738109427,-1.07529910594,-3.87540476573,1.22330681106,"thornberry","william",69.3506593548,1.9343391917,0.972864708829,0.0271352911713,0.472864708829,1,"TX",13,0,"William M. Thornberry, TX"
"Pat Tiberi",-29.2495489061,-3.31775478368,-7.44419545569,-1.86091936062,"tiberi","pat",66.3423565843,2.60479680359,0.962220386548,0.0377796134518,0.462220386548,1,"OH",12,0,"Pat Tiberi, OH"
"Scott Tipton",-32.1122090385,-1.54532778476,1.46121781809,0.506772303043,"tipton","scott",68.7884706535,1.93965944941,0.972575841513,0.0274241584866,0.472575841513,1,"CO",3,0,"Scott Tipton, CO"
"Dina Titus",36.6190348146,0.937221152234,-1.35811088243,0.25928907766,"titus","dina",1.3855525298,65.6630756312,0.0206648900626,0.979335109937,-0.479335109937,0,"NV",1,0,"Dina Titus, NV"
"Paul Tonko",39.8424591775,1.29039929804,1.11557524446,-3.22843691312,"tonko","paul",0.722980965109,69.273280381,0.0103288511587,0.989671148841,-0.489671148841,0,"NY",20,0,"Paul Tonko, NY"
"Norma Torres",38.2339019856,0.229535650378,-2.16515796382,2.65363176641,"torres","norma",0.748541063347,67.1219910181,0.0110289552828,0.988971044717,-0.488971044717,0,"CA",35,0,"Norma Torres, CA"
"Dave Trott",-30.8278258002,-1.99337021621,-6.73120936657,-1.67576399873,"trott","dave",67.7468522143,1.17227521152,0.982990567999,0.017009432001,0.482990567999,1,"MI",11,0,"Dave Trott, MI"
"Niki Tsongas",38.0972915648,1.80100445283,0.174924563012,-1.05450419725,"tsongas","niki",1.47860012215,67.4058348299,0.0214649379526,0.978535062047,-0.478535062047,0,"MA",3,0,"Niki Tsongas, MA"
"Michael R. Turner",-28.1911050449,-0.890968071667,-11.7476728029,-2.99228835883,"turner","michael",65.7054881934,0,1,0,0.5,1,"OH",10,0,"Michael R. Turner, OH"
"Fred Upton",-28.441648943,-2.33892424245,-9.95860442491,-3.3916611523,"upton","fred",65.7657521564,1.26256543763,0.981163700911,0.018836299089,0.481163700911,1,"MI",6,0,"Fred Upton, MI"
"David Valadao",-29.6091319676,-1.74081518007,-12.1123985685,-2.96342692623,"valadao","david",67.2077289276,1.69294575971,0.975429184585,0.0245708154149,0.475429184585,1,"CA",21,0,"David Valadao, CA"
"Juan Vargas",38.673826361,0.253792313494,-1.8446418692,1.65848721111,"vargas","juan",0.694723065131,67.6039906362,0.0101718323447,0.989828167655,-0.489828167655,0,"CA",51,0,"Juan Vargas, CA"
"Marc Veasey",36.8583985178,0.00213810257858,-2.80771904856,4.41398995493,"veasey","marc",1.97960520215,65.6670261663,0.0292639139911,0.970736086009,-0.470736086009,0,"TX",33,0,"Marc Veasey, TX"
"Filemon Vela",32.5087059624,-1.37315707206,-3.78002816436,8.84259294265,"vela","filemon",6.13554264106,61.2224054056,0.0910886215953,0.908911378405,-0.408911378405,0,"TX",34,0,"Filemon Vela, TX"
"Nydia M. Velázquez",40.1519742295,1.6722393885,1.15372768221,-4.57047842739,"velázquez","nydia",0.746274551025,69.5973609533,0.0106089846747,0.989391015325,-0.489391015325,0,"NY",7,0,"Nydia M. Velázquez, NY"
"Peter J. Visclosky",38.7636305964,1.17380776262,-0.991469049881,-0.5955568843,"visclosky","peter",0.716567423125,67.8446449119,0.0104514987224,0.989548501278,-0.489548501278,0,"IN",1,0,"Peter J. Visclosky, IN"
"Ann Wagner",-30.7976843608,-0.0261810835299,-0.784651525173,1.72709024057,"wagner","ann",67.3684181181,1.10564490618,0.98385308455,0.0161469154501,0.48385308455,1,"MO",2,0,"Ann Wagner, MO"
"Tim Walberg",-33.2015142519,-1.0351308387,-0.102326250096,2.37595736291,"walberg","tim",69.8150722809,2.03479696025,0.971679879424,0.0283201205757,0.471679879424,1,"MI",7,0,"Tim Walberg, MI"
"Greg Walden",-30.2679947341,-2.56286504746,-9.112689045,-2.8409115783,"walden","greg",67.4777147238,0.980056333639,0.985683782593,0.0143162174067,0.485683782593,1,"OR",2,0,"Greg Walden, OR"
"Mark Walker",-32.6936610175,-0.542289558951,5.58079441849,2.77723120029,"walker","mark",69.5819350071,3.12306663786,0.957044679634,0.0429553203658,0.457044679634,1,"NC",6,0,"Mark Walker, NC"
"Jackie Walorski",-32.648298197,-0.913472488686,-1.91187762623,1.71871175486,"walorski","jackie",69.2603889972,0.529615127166,0.992411303971,0.00758869602905,0.492411303971,1,"IN",2,0,"Jackie Walorski, IN"
"Mimi Walters",-31.3850203485,0.220640667499,-3.69511359395,0.875682610254,"walters","mimi",68.0062224631,2.6313878032,0.96274806306,0.0372519369396,0.46274806306,1,"CA",45,0,"Mimi Walters, CA"
"Tim Walz",35.1419168093,-1.24412430708,-2.6631011071,7.47920979224,"walz","tim",3.89251725714,63.9822304973,0.057348533673,0.942651466327,-0.442651466327,0,"MN",1,0,"Tim Walz, MN"
"Debbie Wasserman Schultz",36.3424391168,1.15907609852,-0.157854970816,1.35996482708,"schultz","debbie",1.30303788151,65.5980554633,0.0194770790186,0.980522920981,-0.480522920981,0,"FL",23,0,"Debbie Wasserman Schultz, FL"
"Maxine Waters",38.0055589134,0.327367569692,1.38926955715,-3.83473510871,"waters","maxine",1.95230907905,67.4986067672,0.0281106311596,0.97188936884,-0.47188936884,0,"CA",43,0,"Maxine Waters, CA"
"Bonnie Watson Coleman",39.7836022871,1.73887593357,1.62895494817,-4.4108696193,"coleman","bonnie",0.535597838509,69.3282848941,0.00766630507152,0.992333694928,-0.492333694928,0,"NJ",12,0,"Bonnie Watson Coleman, NJ"
"Randy Weber",-33.5649989424,-0.404573649428,5.96829622837,1.57537772066,"weber","randy",70.4801423288,3.34517000762,0.954688034473,0.0453119655272,0.454688034473,1,"TX",14,0,"Randy Weber, TX"
"Daniel Webster",-8.19093634656,16.1414796606,3.56675982199,-0.0952978310809,"webster","daniel",47.0467282006,27.8862331397,0.627850913124,0.372149086876,0.127850913124,1,"FL",11,0,"Daniel Webster, FL"
"Peter Welch",39.0891681597,1.47317445646,2.54010765157,-5.22114465777,"welch","peter",0,68.8212540041,0,1,-0.5,0,"VT",1,0,"Peter Welch, VT"
"Brad Wenstrup",-33.4113960406,-0.383538424724,3.59860581046,3.48999093905,"wenstrup","brad",70.1357539018,4.08734616316,0.944931616174,0.0550683838264,0.444931616174,1,"OH",2,0,"Brad Wenstrup, OH"
"Bruce Westerman",-33.5312057618,-0.503277128168,1.54697829137,2.71059711845,"westerman","bruce",70.1591233583,2.71416744637,0.962754976255,0.0372450237446,0.462754976255,1,"AR",4,0,"Bruce Westerman, AR"
"Roger Williams",-32.2251358809,0.547613319919,4.47046090615,2.50049119282,"williams","roger",68.9857921264,3.58693578947,0.950574604366,0.0494253956339,0.450574604366,1,"TX",25,0,"Roger Williams, TX"
"Frederica Wilson",37.4918283744,1.20182096085,-0.15005874991,-1.79112666127,"wilson","frederica",1.57612877018,66.7317927245,0.0230738798033,0.976926120197,-0.476926120197,0,"FL",24,0,"Frederica Wilson, FL"
"Joe Wilson",-33.3804652291,-0.788446055093,0.402495111875,2.83740277359,"wilson","joe",69.9901113261,2.22493701905,0.969190119372,0.0308098806278,0.469190119372,1,"SC",2,0,"Joe Wilson, SC"
"Robert J. Wittman",-33.224574944,-0.566830962977,3.07946512671,2.4338859099,"wittman","robert",69.925278232,3.5542346055,0.951629583972,0.0483704160282,0.451629583972,1,"VA",1,0,"Robert J. Wittman, VA"
"Steve Womack",-32.1956001981,-1.08109434855,-6.25082478594,-0.0416037388754,"womack","steve",69.0181120993,0.637112068622,0.990853348385,0.0091466516149,0.490853348385,1,"AR",3,0,"Steve Womack, AR"
"Rob Woodall",-32.6437496555,-0.423447359076,4.50230467662,0.388927389749,"woodall","rob",69.4358429749,3.9215537133,0.946541809138,0.053458190862,0.446541809138,1,"GA",7,0,"Rob Woodall, GA"
"John Yarmuth",38.3064761522,0.385563752879,1.77115323193,-2.42686919195,"yarmuth","john",1.54492547417,67.8698496825,0.0222564356174,0.977743564383,-0.477743564383,0,"KY",3,0,"John Yarmuth, KY"
"Kevin Yoder",-32.8842365822,-0.568782110427,2.73199146041,1.84235864932,"yoder","kevin",69.5669711079,3.07622423418,0.957652960891,0.0423470391093,0.457652960891,1,"KS",3,0,"Kevin Yoder, KS"
"Ted Yoho",-31.8151151514,0.81617684595,9.5559399144,-0.897613455022,"yoho","ted",69.1534134666,0.327848739782,0.995281479792,0.00471852020776,0.495281479792,1,"FL",3,0,"Ted Yoho, FL"
"Don Young",-27.3138335894,-1.01515084373,-8.07085008561,-1.87633674206,"young","don",64.3331712681,3.04153301889,0.954856454643,0.045143545357,0.454856454643,1,"AK",1,0,"Don Young, AK"
"David Young",-31.5963302897,-1.18048207806,-1.52649847692,0.550054460407,"young","david",68.2176944037,1.05350381294,0.984791604013,0.0152083959866,0.484791604013,1,"IA",3,0,"David Young, IA"
"Lee Zeldin",-28.9221029103,-0.120743451972,-6.753042592,-2.79932515077,"zeldin","lee",65.760659709,3.25775050674,0.95279881851,0.0472011814899,0.45279881851,1,"NY",1,0,"Lee Zeldin, NY"
"Ted Deutch",25.9739420215,16.9250804768,-1.72728993241,0.677070388279,"deutch","ted",18.1137540736,57.8936264407,0.238315726065,0.761684273935,-0.261684273935,0,"FL",21,0,"Ted Deutch, FL"
"Lois Frankel",27.1435611809,17.6988900113,-1.85522479817,0.5794923139,"frankel","lois",18.1204190462,59.2061537122,0.234336249492,0.765663750508,-0.265663750508,0,"FL",22,0,"Lois Frankel, FL"
"George Holding",-21.6782875114,-17.1937859197,7.0486923562,1.42080712381,"holding","george",61.8759780297,20.4531221675,0.751568739139,0.248431260861,0.251568739139,1,"NC",13,0,"George Holding, NC"
"Daniel Webster",-19.4388751917,-16.0413464643,3.07120357811,0.954280099716,"webster","daniel",59.0109889754,19.7581635514,0.74916369013,0.25083630987,0.24916369013,1,"FL",10,0,"Daniel Webster, FL"
