,0,1,2,3,surname,firstname,good_distance,bad_distance,good_distance_norm,bad_distance_norm,score,party,state,district
Ralph Abraham,-32.917106065,-0.798302959839,-0.165800072116,1.58165215812,abraham,ralph,69.6187323485,2.02967457709,0.971671741715,0.0283282582849,0.471671741715,R,LA,5
Alma Adams,38.3761924257,-0.173541498647,0.456597264942,-0.372068568242,adams,alma,1.82627146055,67.7313042731,0.0262555363853,0.973744463615,-0.473744463615,D,NC,12
Robert B. Aderholt,-31.1144746314,-1.75589908962,-5.03263534635,-0.588198120267,aderholt,robert,67.9098793827,1.51315594775,0.978203834786,0.0217961652144,0.478203834786,R,AL,4
Pete Aguilar,34.7338877557,-2.26466972333,-4.73922650493,8.79426645474,aguilar,pete,9.77274537616,64.4164814612,0.131727284307,0.868272715693,-0.368272715693,D,CA,31
Rick Allen,-33.6607022548,-0.155271861972,3.85065006285,3.67890465091,allen,rick,70.6321969836,5.87580163082,0.923200165509,0.0767998344909,0.423200165509,R,GA,12
Justin Amash,-23.3646423352,0.274196565899,16.0024278499,-9.30605234304,amash,justin,62.6718439,12.949714322,0.828756314648,0.171243685352,0.328756314648,R,MI,3
Mark Amodei,-29.5029441925,-0.912160082307,-7.24448102473,-1.85487379194,amodei,mark,66.4175305155,2.36785220486,0.965576229844,0.034423770156,0.465576229844,R,NV,2
Jodey Arrington,-9.12696955053,17.3825536029,3.22873949435,-0.149340464319,arrington,jodey,48.3229542226,28.0297887068,0.632890874232,0.367109125768,0.132890874232,R,TX,19
Brian Babin,-33.5002450436,-0.365016308445,6.43845280143,2.86704423903,babin,brian,70.6386355237,4.9799067523,0.934144369854,0.065855630146,0.434144369854,R,TX,36
Don Bacon,-8.49556937903,16.2107269025,1.75170307679,-1.18334363271,bacon,don,47.2307924053,28.0689156598,0.627237390674,0.372762609326,0.127237390674,R,NE,2
Jim Banks,-9.26161068773,17.6473074847,3.89865809253,0.156546937395,banks,jim,48.6082729472,28.0101991268,0.634419763686,0.365580236314,0.134419763686,R,IN,3
Lou Barletta,-28.0344689726,-2.08295543317,-7.97594934767,-2.63701332075,barletta,lou,65.1019873996,2.3693255821,0.964883956197,0.0351160438029,0.464883956197,R,PA,11
Andy Barr,-32.8944975738,-0.81721386347,-0.274993502185,2.77553262996,barr,andy,69.6698943747,1.96224346713,0.972606660554,0.0273933394457,0.472606660554,R,KY,6
Nanette Barragán,15.0074771587,-15.3600936361,6.67327436155,-3.58151200444,barragán,nanette,28.8419534046,48.9634654121,0.370693376416,0.629306623584,-0.129306623584,D,CA,44
Joe L. Barton,-32.3743275513,-0.326648556916,0.838234861583,1.42122155438,barton,joe,69.0673267581,2.09072322847,0.970618598614,0.0293814013855,0.470618598614,R,TX,6
Karen Bass,37.5471655243,0.617698078863,0.321113351812,-3.56751354721,bass,karen,2.66812735454,66.8564340105,0.0383767592655,0.961623240735,-0.461623240735,D,CA,37
Joyce Beatty,38.8125035249,1.02062674023,-1.9209228842,0.628737634996,beatty,joyce,0.588270488456,67.8440464193,0.00859638420908,0.991403615791,-0.491403615791,D,OH,3
Ami Bera,34.7421589141,-1.11704769867,-5.03673377458,9.76511360024,bera,ami,10.4038332544,64.5634180953,0.138778374118,0.861221625882,-0.361221625882,D,CA,7
Jack Bergman,-8.63795005078,16.5272901937,2.07736095666,-0.938724746848,bergman,jack,47.485578762,28.0758669941,0.628436609264,0.371563390736,0.128436609264,R,MI,1
Donald Beyer,37.7092456879,0.833017902106,-0.868195186803,0.215687728237,beyer,donald,1.08564001492,66.8915729321,0.01597064616,0.98402935384,-0.48402935384,D,VA,8
Andy Biggs,-9.0631030415,17.4532539986,4.14849639525,0.138614302335,biggs,andy,48.3843156392,28.0144708895,0.633312619711,0.366687380289,0.133312619711,R,AZ,5
Gus Bilirakis,-32.5995886594,-1.22416269413,1.65654108982,1.96065192179,bilirakis,gus,69.3857546197,3.05730713997,0.957797102087,0.0422028979133,0.457797102087,R,FL,12
Sanford D. Bishop Jr.,31.5520667086,-2.90724685676,-4.235512796,7.74459782149,jr.,sanford,10.6947784338,61.1966120686,0.148762993163,0.851237006837,-0.351237006837,D,GA,2
Mike Bishop,-32.0347254167,-0.686151441216,-2.67753066406,0.81352782099,bishop,mike,68.716522811,1.71797429196,0.975608908097,0.0243910919027,0.475608908097,R,MI,8
Rob Bishop,-31.2711647897,-0.21239151893,1.93808249575,2.27727712238,bishop,rob,68.0492381797,3.02877029476,0.957388081634,0.0426119183664,0.457388081634,R,UT,1
Diane Black,-31.7273701981,-1.00034681399,4.44181716551,3.33952309386,black,diane,68.7610616681,5.58569802274,0.924869650729,0.075130349271,0.424869650729,R,TN,6
Marsha Blackburn,-33.4655460589,-0.0240619928206,5.93691382262,3.19312018005,blackburn,marsha,70.5661966909,5.45043696002,0.928299416874,0.0717005831257,0.428299416874,R,TN,7
Rod Blum,-30.1103066596,-0.833783427318,4.41584565505,-0.67990562869,blum,rod,66.9386296684,4.43769570466,0.937826783861,0.0621732161394,0.437826783861,R,IA,1
Earl Blumenauer,38.7422012314,1.36963262289,2.70423267419,-5.16320223056,blumenauer,earl,0.401749942322,68.5474158691,0.00582675566258,0.994173244337,-0.494173244337,D,OR,3
Lisa Blunt Rochester,15.1630127131,-15.8216790324,6.27740703252,-2.32668179549,rochester,lisa,28.8749088244,49.2732401812,0.369489350571,0.630510649429,-0.130510649429,D,DE,1
Suzanne Bonamici,39.7553615094,1.19210100365,1.0854385969,-2.63791790147,bonamici,suzanne,2.07038272965,69.1800247471,0.0290578370422,0.970942162958,-0.470942162958,D,OR,1
Mike Bost,-28.8235416088,-1.04675341159,-9.50605726923,-2.23466172414,bost,mike,66.0057183869,1.35878481129,0.979829364921,0.0201706350791,0.479829364921,R,IL,12
Brendan Boyle,37.1166159823,0.373082029027,-1.49978291882,2.35901946276,boyle,brendan,1.94292186938,66.3351493778,0.0284560157293,0.971543984271,-0.471543984271,D,PA,13
Robert A. Brady,38.2238414244,1.08178846803,-0.443952796979,-0.988769802993,brady,robert,1.02758639442,67.4286665664,0.0150108478038,0.984989152196,-0.484989152196,D,PA,1
Kevin Brady,-32.1211063167,-1.09907867506,-0.597950070331,2.54957211714,brady,kevin,68.8945080754,1.53557615611,0.978197155763,0.0218028442372,0.478197155763,R,TX,8
David A. Brat,-32.7493016655,0.703672941315,9.87400583835,0.95111651328,brat,david,70.1950190912,1.96680965523,0.972744459371,0.0272555406286,0.472744459371,R,VA,7
Jim Bridenstine,-29.0509949739,-5.90661686417,5.57766221603,-0.378244239056,bridenstine,jim,66.4240425162,7.92193378076,0.893445023183,0.106554976817,0.393445023183,R,OK,1
Mo Brooks,-30.3128462671,0.486795383459,8.95805399191,-0.809478190809,brooks,mo,67.6001198013,1.69802694928,0.975496791344,0.0245032086557,0.475496791344,R,AL,5
Susan Brooks,-30.9924749394,-1.76230648945,-6.83664170418,-0.566392978982,brooks,susan,67.9238128441,1.13967022069,0.983498222648,0.0165017773521,0.483498222648,R,IN,5
Anthony Brown,15.1288838789,-15.6877939067,6.34762702108,-2.72713814985,brown,anthony,28.8397108656,49.1928289392,0.369585700244,0.630414299756,-0.130414299756,D,MD,4
Julia Brownley,36.4933341667,-1.08180356251,-4.25948665923,7.96798828709,brownley,julia,8.05195848281,66.0326721927,0.108685950236,0.891314049764,-0.391314049764,D,CA,26
Vern Buchanan,-28.0902799429,-0.343083825861,-5.28771041054,-1.73144444865,buchanan,vern,64.8261660699,4.38226093948,0.936680240704,0.0633197592958,0.436680240704,R,FL,16
Ken Buck,-31.3144720879,1.28318719157,8.16881528149,0.296352659944,buck,ken,68.4966939302,1.79254185337,0.97449763348,0.02550236652,0.47449763348,R,CO,4
Larry Bucshon,-31.1220930645,-2.14815380632,-7.18367287774,-1.07141748432,bucshon,larry,68.0979496886,0.969692650805,0.985960246825,0.0140397531747,0.485960246825,R,IN,8
Ted Budd,-9.37803466758,17.8466996813,3.96603637425,0.344560248034,budd,ted,48.797249406,28.0511673925,0.634980542721,0.365019457279,0.134980542721,R,NC,13
Michael C. Burgess,-32.6722002054,0.188113532069,8.63045231058,-1.03998096128,burgess,michael,69.8928415796,1.12404196503,0.984172186825,0.0158278131752,0.484172186825,R,TX,26
Cheri Bustos,35.8015073485,-1.48479589767,-5.19246352086,9.07031337598,bustos,cheri,9.61940899025,65.4513889787,0.128137827897,0.871862172103,-0.371862172103,D,IL,17
G. K. Butterfield,37.9216130793,-0.251457023642,-1.80182206329,0.374629454689,butterfield,g.,1.16389780066,66.9444290991,0.0170889207478,0.982911079252,-0.482911079252,D,NC,1
Bradley Byrne,-32.7715731012,-0.040051023447,1.01485154256,2.41930863068,byrne,bradley,69.5164747834,3.16866636083,0.956405582889,0.0435944171111,0.456405582889,R,AL,1
Ken Calvert,-30.5860834416,-1.12737623601,-9.3499755899,-1.81287527405,calvert,ken,67.7362833404,1.53037816979,0.977905992054,0.0220940079459,0.477905992054,R,CA,42
Michael E. Capuano,39.4758543774,1.35551629333,1.65131976094,-4.23213763192,capuano,michael,0.686310345812,69.0285035712,0.00984454102724,0.990155458973,-0.490155458973,D,MA,7
Salud Carbajal,14.6097077573,-15.3200809644,5.96362393012,-1.66250647297,carbajal,salud,28.9075989601,48.5341863033,0.373281670377,0.626718329623,-0.126718329623,D,CA,24
Tony Cardenas,37.0880519185,-0.259920747716,0.808116195809,0.297025772148,cardenas,tony,2.78102475327,66.5600030904,0.0401064829834,0.959893517017,-0.459893517017,D,CA,29
André Carson,39.0348038762,1.0668561877,-0.507247611868,-2.04969777718,carson,andré,1.09005310828,68.1937794136,0.0157331525784,0.984266847422,-0.484266847422,D,IN,7
Buddy Carter,-32.8435056866,-0.863196773016,2.50559480461,2.3586368751,carter,buddy,69.6723356825,3.84144869356,0.947745191923,0.0522548080767,0.447745191923,R,GA,1
John Carter,-31.0786141705,0.0220983704977,-1.95509036311,1.60859643945,carter,john,67.7595493752,2.0996811419,0.969944112949,0.0300558870511,0.469944112949,R,TX,31
Matt Cartwright,38.5925295624,0.692107149195,-1.07210802924,0.636176625976,cartwright,matt,0.473414565036,67.7472763674,0.00693945720229,0.993060542798,-0.493060542798,D,PA,17
Kathy Castor,38.7644888076,1.06625911531,-0.910500494169,0.0348596561033,castor,kathy,0.870333091987,67.9226784263,0.0126514753865,0.987348524613,-0.487348524613,D,FL,14
Joaquín Castro,37.6496747646,-0.151191003247,-0.469793716144,0.220131703718,castro,joaquín,1.60334942199,66.8809822493,0.0234119160231,0.976588083977,-0.476588083977,D,TX,20
Steven J. Chabot,-34.1054942088,-0.468575457085,4.60955235676,3.87085143365,chabot,steven,71.1558463151,6.67270016109,0.91426410407,0.0857358959303,0.41426410407,R,OH,1
Liz Cheney,-8.95557781798,17.0642996303,2.80043824832,-0.270174892299,cheney,liz,48.0223850006,28.042294063,0.631336194299,0.368663805701,0.131336194299,R,WY,1
Judy Chu,39.1407389971,1.02030839087,0.764693727836,-4.46334847944,chu,judy,1.42305911777,68.5270276571,0.020343922122,0.979656077878,-0.479656077878,D,CA,27
David Cicilline,39.8966916137,1.03441586626,0.100445426684,-1.77901978659,cicilline,david,1.12639352144,69.1484280018,0.0160284081414,0.983971591859,-0.483971591859,D,RI,1
Katherine Clark,39.973607652,2.21931213472,1.64487049923,-4.77032905274,clark,katherine,0.946702499888,69.5602151194,0.0134270867576,0.986572913242,-0.486572913242,D,MA,5
Yvette D. Clarke,40.165609724,1.62481657694,1.52502221685,-4.79889505426,clarke,yvette,0.494596896391,69.7022084986,0.00704586047197,0.992954139528,-0.492954139528,D,NY,9
William Lacy Clay,38.7083251519,0.689797081935,-0.163970398624,-0.94011693599,clay,william,0.685603502345,67.9442872361,0.00998986731537,0.990010132685,-0.490010132685,D,MO,1
Emanuel Cleaver II,35.3194256224,1.11841556392,-0.437742975089,-1.01442843512,ii,emanuel,2.03740309578,64.5712907572,0.0305876452146,0.969412354785,-0.469412354785,D,MO,5
James E. Clyburn,36.7274555673,2.06523859569,-1.20790713021,1.08516218156,clyburn,james,2.12623179992,65.9611322889,0.0312279940393,0.968772005961,-0.468772005961,D,SC,6
Mike Coffman,-31.1100400637,-0.982217175476,-0.254932927765,0.914045994048,coffman,mike,67.7904810805,1.2853456715,0.981392250633,0.0186077493668,0.481392250633,R,CO,6
Steve Cohen,38.8908204434,0.979329221477,1.77390635621,-3.32332275852,cohen,steve,1.73082574479,68.4574716349,0.0246597482687,0.975340251731,-0.475340251731,D,TN,9
Tom Cole,-29.6502921344,-2.08030459106,-9.70098261814,-2.47247635674,cole,tom,66.9093412188,0.0,1.0,0.0,0.5,R,OK,4
Doug Collins,-33.2634792653,-0.407806949348,5.12088635494,2.46060351162,collins,doug,70.2531589437,5.54322520673,0.926866891226,0.0731331087737,0.426866891226,R,GA,9
Chris Collins,-30.2252102327,-1.71571171019,-6.61385648133,-1.38551674083,collins,chris,67.1248173782,1.87499319846,0.97282611093,0.02717388907,0.47282611093,R,NY,27
James Comer,-9.70838097321,17.1702414522,3.62523686399,-0.11877327587,comer,james,48.843459191,27.3878279876,0.640727200061,0.359272799939,0.140727200061,R,KY,1
Barbara Comstock,-29.052071865,-2.00619649317,-9.91391684875,-2.38363128897,comstock,barbara,66.3411833977,0.645440883072,0.990364630402,0.00963536959807,0.490364630402,R,VA,10
K. Michael Conaway,-33.673577436,-0.931858454684,2.18154708405,3.13967170682,conaway,k.,70.5412560157,4.46559797634,0.940464134427,0.0595358655732,0.440464134427,R,TX,11
Gerald E. Connolly,38.0599204676,0.0306526426196,-2.45774537863,3.73191835495,connolly,gerald,3.11257916121,67.2425872431,0.0442409466182,0.955759053382,-0.455759053382,D,VA,11
John Conyers Jr.,39.1028155567,0.889665030601,1.44977901989,-4.53758264199,jr.,john,1.10867686056,68.6163468724,0.0159007025198,0.98409929748,-0.48409929748,D,MI,13
Paul Cook,-31.0300403644,-2.17594628485,-5.77461538417,-0.981210999993,cook,paul,67.893496564,1.42119345048,0.979496504274,0.0205034957263,0.479496504274,R,CA,8
Jim Cooper,29.9694724385,-1.76537785897,-3.65982217103,9.65547982925,cooper,jim,12.5793923033,60.073262412,0.173144289807,0.826855710193,-0.326855710193,D,TN,5
J. Luis Correa,13.321563664,-13.7257606771,5.50979277716,-0.280247959013,correa,j.,28.9408745936,46.7683081726,0.382263729922,0.617736270078,-0.117736270078,D,CA,46
Jim Costa,19.0116413002,-1.27272793699,-5.90197077238,12.1929806693,costa,jim,22.9359259901,49.9300488552,0.314768669997,0.685231330003,-0.185231330003,D,CA,16
Ryan Costello,-22.4965765911,-1.98845996154,-14.5785252826,-5.87554744412,costello,ryan,60.8617415078,7.06816973513,0.895949080371,0.104050919629,0.395949080371,R,PA,6
Joe Courtney,38.0308092452,0.227575763203,-2.4986910273,3.77677271179,courtney,joe,3.13326529674,67.2157495689,0.044538865295,0.955461134705,-0.455461134705,D,CT,2
Kevin Cramer,-31.2654614982,-0.949647167284,-4.15834004233,0.267219917333,cramer,kevin,67.9947435417,2.29096107585,0.96740502086,0.03259497914,0.46740502086,R,ND,1
Rick Crawford,-31.6565069593,-0.262016990325,-1.8713474486,1.92041704557,crawford,rick,68.3624690267,1.46088598211,0.979077402082,0.0209225979177,0.479077402082,R,AR,1
Charlie Crist,12.4894719833,-12.6427039412,5.80271344159,-0.428006209228,crist,charlie,29.0998346607,45.7113691057,0.388976960611,0.611023039389,-0.111023039389,D,FL,13
Joseph Crowley,38.6955096748,0.956949560022,-0.201020772873,-0.798138246615,crowley,joseph,0.617609187898,67.9365403695,0.00900907081315,0.990990929187,-0.490990929187,D,NY,14
Henry Cuellar,19.8170246941,-4.25287095699,-7.85282264547,15.2726099762,cuellar,henry,24.8344308968,51.6222767695,0.32481690168,0.67518309832,-0.17518309832,D,TX,28
John Culberson,-31.4577163939,-0.113620830007,-0.0790162851458,1.02409410511,culberson,john,68.1087911416,1.28210792013,0.981523399502,0.0184766004976,0.481523399502,R,TX,7
Elijah E. Cummings,35.2527502064,7.93887417619,0.805188394249,-0.674730032307,cummings,elijah,6.25669044335,65.3148857966,0.0874186481847,0.912581351815,-0.412581351815,D,MD,7
Carlos Curbelo,-18.9517998992,-1.01159914521,-13.0358037272,-5.55760644735,curbelo,carlos,56.9977629885,9.67571313263,0.85487912592,0.14512087408,0.35487912592,R,FL,26
John Curtis,2.83374332295,1.20150995738,5.22883975117,-1.5601322519,curtis,john,34.26721405,34.1177202928,0.501093031372,0.498906968628,0.0010930313719,R,UT,3
Warren Davidson,-15.1567649657,13.6228778859,5.73728328342,0.242149741616,davidson,warren,53.3937427154,20.785592474,0.719792683219,0.280207316781,0.219792683219,R,OH,8
Susan A. Davis,38.4459720453,1.10911751893,-2.64522053048,2.67999001664,davis,susan,2.21129591667,67.5242905927,0.03170971992,0.96829028008,-0.46829028008,D,CA,53
Danny K. Davis,38.4676483833,1.93342372649,0.0843351682323,-2.57741049536,davis,danny,2.02909907948,67.7608673048,0.0290743667694,0.970925633231,-0.470925633231,D,IL,7
Rodney Davis,-27.9499998862,-2.32227675998,-10.6820699115,-4.03079444071,davis,rodney,65.4110793856,2.07864632499,0.969200551594,0.0307994484065,0.469200551594,R,IL,13
Peter A. DeFazio,36.0294824449,-0.303257476493,2.84487220277,-1.47267240645,defazio,peter,4.57535959112,65.8777722636,0.0649418907389,0.935058109261,-0.435058109261,D,OR,4
Diana DeGette,38.7597316419,2.9443669948,0.925119873664,-0.427709116055,degette,diana,2.41229559343,68.2956886925,0.0341163111606,0.965883688839,-0.465883688839,D,CO,1
John Delaney,34.4918096564,-2.05752816569,-4.01695624293,7.04746528721,delaney,john,8.20397607017,63.9614679902,0.113682887662,0.886317112338,-0.386317112338,D,MD,6
Rosa DeLauro,37.3009581496,2.28433388824,0.143053953191,0.123368588688,delauro,rosa,2.54678166803,66.7112405469,0.0367723707173,0.963227629283,-0.463227629283,D,CT,3
Suzan K. DelBene,38.7901851555,0.265373225345,-1.80434780524,2.73040312559,delbene,suzan,1.97051039012,67.9665309373,0.0281754897365,0.971824510263,-0.471824510263,D,WA,1
Val Demings,15.0246009395,-15.61227028,6.30184458381,-2.55850882954,demings,val,28.8560519978,49.0717009092,0.370292365959,0.629707634041,-0.129707634041,D,FL,10
Jeffrey Denham,-28.5188840723,-1.39483395552,-11.3160202251,-3.37237154174,denham,jeffrey,65.9960995133,0.83192751488,0.987551218375,0.0124487816247,0.487551218375,R,CA,10
Charlie Dent,-25.9162763241,-1.73775656103,-12.8451786428,-4.04265694031,dent,charlie,63.7388853141,2.86350824249,0.95700592592,0.0429940740802,0.45700592592,R,PA,15
Ron DeSantis,-32.5888483984,-0.917233164748,6.2644916001,2.23692228446,desantis,ron,69.6975471063,4.5964920001,0.938131079487,0.0618689205134,0.438131079487,R,FL,6
Mark DeSaulnier,39.9980764284,1.25020910488,0.964795079666,-3.49705895237,desaulnier,mark,1.35037178455,69.3989246153,0.0190867168052,0.980913283195,-0.480913283195,D,CA,11
Scott DesJarlais,-32.6122429506,0.856121135543,10.1861267175,1.03051110093,desjarlais,scott,70.1086799784,2.10639385464,0.970831659613,0.029168340387,0.470831659613,R,TN,4
Ted Deutch,14.0064590523,-14.1836417952,6.52117436866,-1.95600394753,deutch,ted,28.8375659429,47.6449216696,0.377047960168,0.622952039832,-0.122952039832,D,FL,22
Mario Diaz-Balart,-26.3884224057,-2.89108467297,-11.9472117029,-4.11337730668,diaz-balart,mario,64.1241356932,2.92348702764,0.9563968578,0.0436031421996,0.4563968578,R,FL,25
Debbie Dingell,38.9117643312,0.47999667128,-0.67838522239,-0.578184467696,dingell,debbie,0.838720735744,68.0663769525,0.0121721144572,0.987827885543,-0.487827885543,D,MI,12
Lloyd Doggett,39.2553867037,1.00275245513,1.04330829776,-2.03012911471,doggett,lloyd,1.75886416166,68.681514135,0.0249695445169,0.975030455483,-0.475030455483,D,TX,35
Daniel M. Donovan,-22.6945873,1.36028142938,-10.9094381931,-4.85521838767,donovan,daniel,60.1398544302,6.2811590523,0.905434158213,0.0945658417869,0.405434158213,R,NY,11
Mike Doyle,38.1415790124,0.605026481388,0.24936763718,-0.856883247301,doyle,mike,1.35339386362,67.4592612546,0.0196678047272,0.980332195273,-0.480332195273,D,PA,14
Sean Duffy,-31.339823966,-0.813453348819,1.44757476061,1.85337522306,duffy,sean,68.097273434,2.42769752695,0.965576766727,0.0344232332728,0.465576766727,R,WI,7
Jeffrey Duncan,-32.4321042746,0.807689253568,8.77220512346,1.19750385917,duncan,jeffrey,69.730161036,2.08710495062,0.970938674399,0.0290613256011,0.470938674399,R,SC,3
John J. Duncan Jr.,-28.4667363376,1.40636372112,10.173465165,-5.56080046176,jr.,john,66.0256685953,4.43015533333,0.937121516912,0.0628784830878,0.437121516912,R,TN,2
Neal Dunn,-8.96490998368,17.1022075429,2.97947161912,-0.0952214561408,dunn,neal,48.064060236,28.042135838,0.631539384642,0.368460615358,0.131539384642,R,FL,2
Keith Ellison,38.866182655,1.28468243583,1.62658250244,-4.98810073669,ellison,keith,0.986963168908,68.441706885,0.0142154987002,0.9857845013,-0.4857845013,D,MN,5
Tom Emmer,-30.9187034793,-0.568636835531,-2.16455427024,-0.744005834821,emmer,tom,67.5362765105,2.41841942178,0.965428776588,0.0345712234118,0.465428776588,R,MN,6
Eliot L. Engel,36.8251158581,0.510517285867,-0.709984129562,-0.617147384915,engel,eliot,2.14765517354,66.0041288913,0.0315128239563,0.968487176044,-0.468487176044,D,NY,16
Anna G. Eshoo,39.2486087082,1.05279772602,-0.37363158907,-0.989295782267,eshoo,anna,0.0,68.4490615628,0.0,1.0,-0.5,D,CA,18
Adriano Espaillat,15.311574549,-15.7682254921,6.77547553872,-3.5888891439,espaillat,adriano,28.8956695845,49.3843372238,0.369132180268,0.630867819732,-0.130867819732,D,NY,13
Ron Estes,-4.7328007313,11.7486149338,4.94109134108,0.856792046325,estes,ron,42.8503129555,28.9545738844,0.596760399485,0.403239600515,0.0967603994846,R,KS,4
Elizabeth Esty,38.3939602833,0.168692243854,-2.46519771181,3.88425942977,esty,elizabeth,3.21333341267,67.5880546029,0.0453851753862,0.954614824614,-0.454614824614,D,CT,5
Dwight Evans,15.6906669163,-15.4620205526,6.27725780321,-2.65128230829,evans,dwight,28.2641024045,49.6280151991,0.362862164672,0.637137835328,-0.137137835328,D,PA,2
Blake Farenthold,-33.2415317257,-0.128370327841,4.38788127288,2.29967139295,farenthold,blake,70.152295647,5.31020065674,0.929631261662,0.0703687383381,0.429631261662,R,TX,27
John Faso,-6.43423911512,13.0293481673,-0.566041539675,-3.64701900789,faso,john,44.3298934203,28.1530453553,0.611590729751,0.388409270249,0.111590729751,R,NY,19
A. Drew Ferguson,-9.25263814391,17.4991114883,3.01782313883,0.0206819903029,ferguson,a.,48.4681632069,28.0532083336,0.633393811835,0.366606188165,0.133393811835,R,GA,3
Brian Fitzpatrick,-3.68661808159,9.22292176608,-0.649491720733,-5.07961678593,fitzpatrick,brian,40.9293603926,28.8147044389,0.586850802165,0.413149197835,0.0868508021651,R,PA,8
Chuck Fleischmann,-32.5572432512,-1.65817345586,-2.0355236504,0.888091083967,fleischmann,chuck,69.2751475143,1.2497887011,0.982278768785,0.0177212312151,0.482278768785,R,TN,3
Bill Flores,-33.6106451843,-0.873616442852,3.45680510459,3.29856614076,flores,bill,70.5548519936,5.37312127353,0.92923396948,0.0707660305198,0.42923396948,R,TX,17
Jeff Fortenberry,-27.7101582282,-2.18136798201,-8.92686555843,-2.77947732045,fortenberry,jeff,64.899393724,2.11372661354,0.968458018327,0.031541981673,0.468458018327,R,NE,1
Bill Foster,38.3268733831,0.0924068438811,-1.58665667413,2.3563861167,foster,bill,1.59004474611,67.5089853267,0.0230111007989,0.976988899201,-0.476988899201,D,IL,11
Virginia Foxx,-32.5900865408,-0.473845476304,1.65933812791,1.31106128323,foxx,virginia,69.3077511305,2.52222054971,0.964886237726,0.0351137622737,0.464886237726,R,NC,5
Lois Frankel,14.2426922053,-14.506766206,6.35113117385,-2.91599494955,frankel,lois,28.8067442167,47.9668403388,0.375216871577,0.624783128423,-0.124783128423,D,FL,21
Trent Franks,-32.5792839303,-0.222349655407,6.03831633913,3.20686729431,franks,trent,69.7048895864,5.25173562591,0.929936338369,0.0700636616314,0.429936338369,R,AZ,8
Rodney Frelinghuysen,-29.9637084487,-1.55127177343,-10.4279593032,-2.42370907749,frelinghuysen,rodney,67.2866642019,0.953403826485,0.986028680011,0.0139713199888,0.486028680011,R,NJ,11
Marcia L. Fudge,38.9402620357,1.03174036832,-0.402200082274,-1.62190898137,fudge,marcia,0.704653603699,68.124261156,0.0102377555444,0.989762244456,-0.489762244456,D,OH,11
Tulsi Gabbard,37.795338575,1.04011036283,-0.103766160694,1.19149638108,gabbard,tulsi,1.45412043539,67.1641605536,0.0211914436566,0.978808556343,-0.478808556343,D,HI,2
Matt Gaetz,-8.7183007477,16.8877058074,3.41453351736,-0.230826947842,gaetz,matt,47.7958970634,28.0293607792,0.630342690856,0.369657309144,0.130342690856,R,FL,1
Mike Gallagher,-8.86165057444,16.9772662013,2.74847207032,-0.48536583517,gallagher,mike,47.8947249416,28.0566126638,0.630597517459,0.369402482541,0.130597517459,R,WI,8
Ruben Gallego,39.0470238077,1.67303371735,-0.0757778973137,-0.362522645311,gallego,ruben,0.952308008969,68.3424385044,0.0137428601284,0.986257139872,-0.486257139872,D,AZ,7
John Garamendi,36.5219388038,-0.796451359645,-2.02492339208,3.55317761425,garamendi,john,3.61680367033,65.7659640102,0.0521282703363,0.947871729664,-0.447871729664,D,CA,3
Thomas Garrett,-6.71022654542,13.9662114791,2.75980231397,-1.95174388429,garrett,thomas,44.954184689,28.1937984717,0.614564923687,0.385435076313,0.114564923687,R,VA,5
Greg Gianforte,-2.92706788001,9.04655051152,3.46463495405,-0.34315520594,gianforte,greg,40.3178882041,29.8154997339,0.57487438422,0.42512561578,0.0748743842198,R,MT,1
Bob Gibbs,-33.3091283193,-0.807319064441,-0.261124953675,1.85017712233,gibbs,bob,70.0240617351,2.00651079373,0.972143622863,0.0278563771366,0.472143622863,R,OH,7
Louie Gohmert,-31.9644707988,0.665535161569,9.30597037972,-0.760100000799,gohmert,louie,69.2806935012,0.0,1.0,0.0,0.5,R,TX,1
Jimmy Gomez,8.87191087874,-7.45160163055,4.41161487788,-4.43722459891,gomez,jimmy,29.8685554881,40.9868206501,0.421542543644,0.578457456356,-0.0784574563564,D,CA,34
Vicente Gonzalez,13.0632446142,-13.2985855229,5.63681715844,-0.550155186955,gonzalez,vicente,28.9290913532,46.4184740752,0.383941952055,0.616058047945,-0.116058047945,D,TX,15
Robert W. Goodlatte,-33.3478722237,-0.415232477296,3.28663638992,2.96554269902,goodlatte,robert,70.2396242578,4.91807226917,0.934563291633,0.0654367083669,0.434563291633,R,VA,6
Paul Gosar,-31.5185706062,0.541012347898,11.2322045702,-0.663612350626,gosar,paul,69.1558335176,1.98343664787,0.972118962659,0.0278810373406,0.472118962659,R,AZ,4
Josh Gottheimer,11.5317519678,-11.630916254,4.63346507102,-0.332607901752,gottheimer,josh,29.168246636,44.3696682457,0.396642285587,0.603357714413,-0.103357714413,D,NJ,5
Trey Gowdy,-33.0457135289,0.0923121062734,5.33944234372,2.45585535402,gowdy,trey,70.0384814837,5.25103647076,0.930255411199,0.0697445888009,0.430255411199,R,SC,4
Kay Granger,-30.173750306,-1.15040399831,-4.12195682496,0.294668634912,granger,kay,66.9152984472,2.75917396805,0.960399069094,0.0396009309062,0.460399069094,R,TX,12
Tom Graves,-33.190978001,-0.143281305158,4.88668997331,2.94534711588,graves,tom,70.1854670572,5.95137644911,0.921833160202,0.0781668397983,0.421833160202,R,GA,14
Garret Graves,-31.8382599007,-0.62370161249,1.62067758418,1.16457651886,graves,garret,68.5554121221,2.08384408478,0.970500197812,0.0294998021875,0.470500197812,R,LA,6
Sam Graves,-29.3934403792,-1.24243447992,-4.00712143335,0.810420660818,graves,sam,66.1576135057,3.4455881729,0.950496700011,0.0495032999891,0.450496700011,R,MO,6
Al Green,37.3141031668,-0.194255459814,-2.17384176753,0.656074415004,green,al,1.49805229843,66.3052527213,0.0220940896317,0.977905910368,-0.477905910368,D,TX,9
Gene Green,31.8647974498,-1.16606043079,-3.24838004609,6.623092493,green,gene,9.04807809908,61.4123824662,0.128413553169,0.871586446831,-0.371586446831,D,TX,29
Morgan Griffith,-30.3614177131,0.554571429115,6.35977470729,-2.84282957868,griffith,morgan,67.3087034634,1.7478252951,0.97468993408,0.0253100659203,0.47468993408,R,VA,9
Raúl M. Grijalva,39.12651725,1.03623741734,3.35870985255,-5.90410922262,grijalva,raúl,0.0,69.0800829595,0.0,1.0,-0.5,D,AZ,3
Glenn Grothman,-32.1902364482,0.00275732333558,4.47533101704,0.754965639359,grothman,glenn,69.0272592864,4.54064356754,0.938279556826,0.0617204431742,0.438279556826,R,WI,6
Brett Guthrie,-33.2856210561,-0.926756539949,1.13142386245,2.91349352634,guthrie,brett,70.1004143442,3.33932069952,0.954529782855,0.0454702171452,0.454529782855,R,KY,2
Luis V. Gutiérrez,37.0305348378,0.918595989647,1.61858278333,-4.05997265724,gutiérrez,luis,2.59674625421,66.6103112047,0.037521408214,0.962478591786,-0.462478591786,D,IL,4
Colleen Hanabusa,15.710496708,-15.0804844594,5.92703368736,-2.28309558675,hanabusa,colleen,27.9203366935,49.4124601951,0.36104134102,0.63895865898,-0.13895865898,D,HI,1
Karen Handel,-3.14095819098,9.51180886481,4.59535449022,0.416120282741,handel,karen,40.7847457953,29.6739549636,0.578846123417,0.421153876583,0.0788461234172,R,GA,6
Gregg Harper,-31.2314070577,-0.747924736782,-5.77328361262,0.012026832412,harper,gregg,68.0403369857,1.14672029021,0.983425797608,0.0165742023922,0.483425797608,R,MS,3
Andy Harris,-32.8191803861,-0.334520115056,7.76986200618,1.49741184998,harris,andy,70.02963953,3.03094502204,0.958514634935,0.0414853650655,0.458514634935,R,MD,1
Vicky Hartzler,-32.9342492452,-1.52241219417,-0.278076394737,2.04294320371,hartzler,vicky,69.6961650267,1.75565063599,0.97542888701,0.02457111299,0.47542888701,R,MO,4
Alcee L. Hastings,34.7226746514,-1.55889685226,0.892656346201,-1.63575538566,hastings,alcee,4.58359169668,64.1888457631,0.0666486730147,0.933351326985,-0.433351326985,D,FL,20
Denny Heck,38.634862306,0.0477792167312,-2.33815153702,3.55495987945,heck,denny,2.9051355325,67.8085302343,0.0410830848747,0.958916915125,-0.458916915125,D,WA,10
Jeb Hensarling,-33.5248651335,-0.818383879478,5.15078253232,3.70904062804,hensarling,jeb,70.6242473694,6.47113979201,0.916063203905,0.0839367960947,0.416063203905,R,TX,5
Jaime Herrera Beutler,-24.6869835904,2.40421968146,-4.3583661461,-3.72456004588,beutler,jaime,61.3398826199,8.6519739936,0.876385990996,0.123614009004,0.376385990996,R,WA,3
Jody Hice,-33.6186807986,0.137474235514,8.24831476544,2.58002344235,hice,jody,70.9296382617,3.9102837594,0.94775136513,0.0522486348702,0.44775136513,R,GA,10
Clay Higgins,-9.04080853141,17.2058498816,2.84501257801,-0.214965340602,higgins,clay,48.1525482136,28.0541140222,0.631867960108,0.368132039892,0.131867960108,R,LA,3
Brian Higgins,38.6971158654,1.12006120469,-1.05735711053,0.72478771247,higgins,brian,0.63851118935,67.868828453,0.0093203325758,0.990679667424,-0.490679667424,D,NY,26
French Hill,-32.360479478,-0.978203210652,-1.34679545849,1.2978419238,hill,french,69.0549292168,1.13403817288,0.983843070855,0.016156929145,0.483843070855,R,AR,2
Jim Himes,36.9146735602,0.381368606501,-1.76290606266,3.64041129373,himes,jim,3.12964987939,66.2123068961,0.0451335673945,0.954866432606,-0.454866432606,D,CT,4
George Holding,-9.25222244081,17.5563987285,3.34999475882,0.0791923441352,holding,george,48.51625941,28.0381577951,0.633748661165,0.366251338835,0.133748661165,R,NC,2
Trey Hollingsworth,-8.18353905595,15.992493596,2.59640871745,-1.07458429478,hollingsworth,trey,46.9260692868,28.0399059243,0.625964901473,0.374035098527,0.125964901473,R,IN,9
Steny H. Hoyer,38.0237804574,0.307988631519,-1.93520523173,1.41434331184,hoyer,steny,0.92199991194,67.0936027104,0.0135557118719,0.986444288128,-0.486444288128,D,MD,5
Richard Hudson,-31.4525663921,-0.618744919235,5.60414387631,4.17624061054,hudson,richard,68.6431577047,6.32316372871,0.915653274593,0.0843467254069,0.415653274593,R,NC,8
Jared Huffman,39.0284658595,2.41790752956,2.46274224254,-3.76805817986,huffman,jared,1.73599938383,68.7892221012,0.0246152985737,0.975384701426,-0.475384701426,D,CA,2
Bill Huizenga,-32.3812646738,-0.563421898687,4.13636645105,3.33992089034,huizenga,bill,69.3685709996,5.4310950681,0.927391453016,0.0726085469845,0.427391453016,R,MI,2
Randy Hultgren,-32.7251449056,-1.14846015315,0.329587839488,0.99556264805,hultgren,randy,69.421334028,2.05542932889,0.971243391106,0.0287566088944,0.471243391106,R,IL,14
Duncan D. Hunter,-32.4757484536,-0.572114345556,0.554409555552,1.64375232404,hunter,duncan,69.1833804384,2.25436190842,0.968442984977,0.0315570150226,0.468442984977,R,CA,50
Will Hurd,-31.1605247232,-2.36147588879,-4.9475618457,-0.255891117864,hurd,will,67.9971830133,1.66347708418,0.976120279626,0.0238797203738,0.476120279626,R,TX,23
Darrell Issa,-31.1974167848,-0.431576276579,0.163145603188,-0.165992776678,issa,darrell,67.8190117323,0.0,1.0,0.0,0.5,R,CA,49
Sheila Jackson Lee,35.7632885716,-0.45997500276,-0.362018722366,-0.685546954234,lee,sheila,3.19256956506,65.0023416121,0.0468153636385,0.953184636361,-0.453184636361,D,TX,18
Pramila Jayapal,15.4407374879,-15.9436354952,6.75833764866,-3.69767880488,jayapal,pramila,28.9120547688,49.5671969733,0.368403802623,0.631596197377,-0.131596197377,D,WA,7
Hakeem Jeffries,39.0969360464,1.57913442459,0.107324245514,-2.28226417133,jeffries,hakeem,1.48429130784,68.3727063709,0.0212475679912,0.978752432009,-0.478752432009,D,NY,8
Lynn Jenkins,-32.1962703929,-1.03351520263,1.51129272538,2.30117568628,jenkins,lynn,68.9905019769,3.04375752792,0.957745695606,0.042254304394,0.457745695606,R,KS,2
Evan Jenkins,-29.878618062,-1.12811541307,-8.31384890191,-2.24757119124,jenkins,evan,66.9115684965,1.71275194936,0.975041618799,0.0249583812012,0.475041618799,R,WV,3
Hank Johnson,38.2329637842,1.14063665827,0.156974113692,-1.60663347123,johnson,hank,1.30456832846,67.5272167997,0.0189529928074,0.981047007193,-0.481047007193,D,GA,4
Mike Johnson,-9.06266576005,17.3829941025,3.23923273703,-0.229583756811,johnson,mike,48.2599996133,28.0710160074,0.632246266093,0.367753733907,0.132246266093,R,LA,4
Bill Johnson,-32.0953363363,-1.93600371582,-5.33557654608,0.258189096117,johnson,bill,68.9407765606,1.06964541601,0.984721625926,0.0152783740736,0.484721625926,R,OH,6
Eddie Bernice Johnson,36.0716373645,0.639164845236,-1.54427397337,-1.61538421593,johnson,eddie,1.86237311205,65.1002810653,0.0278121160956,0.972187883904,-0.472187883904,D,TX,30
Sam Johnson,-29.5981146232,-2.00179391513,7.05987894936,1.90272170609,johnson,sam,66.8612585471,4.98496059256,0.930616243245,0.0693837567551,0.430616243245,R,TX,3
Walter B. Jones,-11.8675403396,-3.34555079829,16.2195380487,-6.95475784209,jones,walter,51.8564650722,21.8137264648,0.703900234142,0.296099765858,0.203900234142,R,NC,3
Jim Jordan,-32.7744208886,0.162089175122,11.1676814577,0.422493379344,jordan,jim,70.4220733451,2.40290912225,0.967004329547,0.0329956704532,0.467004329547,R,OH,4
Dave Joyce,-28.182938378,-1.77930418987,-11.216872474,-3.84439630172,joyce,dave,65.682260147,1.34053585838,0.979998807297,0.0200011927027,0.479998807297,R,OH,14
Marcy Kaptur,37.8658777887,0.579306635432,-1.02688431306,-0.471834107921,kaptur,marcy,1.31697112082,66.9848841812,0.0192816302719,0.980718369728,-0.480718369728,D,OH,9
John Katko,-22.9794409926,-0.957835826233,-13.6093672729,-6.02918066696,katko,john,61.0679960066,6.31304246068,0.906308323465,0.0936916765352,0.406308323465,R,NY,24
Bill Keating,37.6403609215,-0.00305976284558,-2.13380302568,3.23528573388,keating,bill,2.64841130346,66.8264881933,0.0381204049613,0.961879595039,-0.461879595039,D,MA,9
Robin Kelly,38.1945711426,0.212207768945,-0.529430331096,-2.22324243454,kelly,robin,1.83425305076,67.3402955372,0.0265162995379,0.973483700462,-0.473483700462,D,IL,2
Trent Kelly,-27.0609305717,4.84137136786,2.49596050093,1.07562960985,kelly,trent,63.8170112163,7.2040368232,0.898564763235,0.101435236765,0.398564763235,R,MS,1
Mike Kelly,-31.0125057576,-2.02506932225,-7.6209118993,-1.22963522867,kelly,mike,68.0209599879,0.636927979695,0.990723163812,0.00927683618807,0.490723163812,R,PA,3
Joseph P. Kennedy III,38.7620854588,0.227226370056,0.132878937198,-1.93778648304,iii,joseph,1.44029873937,68.0164654441,0.020736623082,0.979263376918,-0.479263376918,D,MA,4
Ro Khanna,15.3546905946,-15.8188782554,6.72702945292,-3.70600675271,khanna,ro,28.8889932462,49.4448068465,0.368793460958,0.631206539042,-0.131206539042,D,CA,17
Ruben Kihuen,14.4351758978,-14.9979117904,6.13875751942,-1.70734376428,kihuen,ruben,28.887914581,48.296949654,0.374269163615,0.625730836385,-0.125730836385,D,NV,4
Dan Kildee,39.5538079777,1.07986925755,0.508459723425,-2.28251340474,kildee,dan,1.59511014184,68.8765127752,0.0226347865398,0.97736521346,-0.47736521346,D,MI,5
Derek Kilmer,38.3190355252,-0.138630398099,-2.81511988425,4.97049698347,kilmer,derek,4.39110273311,67.5822561047,0.0610101126864,0.938989887314,-0.438989887314,D,WA,6
Ron Kind,34.3822556287,-0.680384673271,-2.70424555264,5.34032026973,kind,ron,6.25767770486,63.7705718609,0.0893593334642,0.910640666536,-0.410640666536,D,WI,3
Steve King,-31.923501269,0.0938644595431,3.3354405143,2.83369627033,king,steve,68.7983055135,4.45700303199,0.939157951547,0.0608420484533,0.439157951547,R,IA,4
Peter T. King,-26.9543561978,-2.77596258538,-13.0344374445,-4.7550228171,king,peter,64.8883267629,3.13779076392,0.953873734413,0.0461262655874,0.453873734413,R,NY,2
Adam Kinzinger,-28.8042327139,-1.70615250765,-12.5130347346,-3.66272940604,kinzinger,adam,66.500271679,1.44073410487,0.978794336524,0.0212056634759,0.478794336524,R,IL,16
Steve Knight,-31.4687648176,-1.92144173693,-3.56703646808,-0.693592053171,knight,steve,68.1967564371,2.80088471514,0.960549608837,0.0394503911635,0.460549608837,R,CA,25
Raja Krishnamoorthi,15.1325866675,-15.8158672451,6.33191806967,-2.05659585354,krishnamoorthi,raja,28.9067864176,49.241991859,0.369894284403,0.630105715597,-0.130105715597,D,IL,8
Ann McLane Kuster,36.8333332213,0.296782924443,-3.15732561812,5.78620900999,kuster,ann,5.42543098652,66.1849264602,0.0757632161039,0.924236783896,-0.424236783896,D,NH,2
David Kustoff,-9.05801288888,17.255502481,3.15209401078,-0.143747592917,kustoff,david,48.2118381229,28.023060872,0.632411648189,0.367588351811,0.132411648189,R,TN,8
Raúl Labrador,-30.6319749321,0.581046670014,11.7879189946,-4.34263155103,labrador,raúl,68.4032438003,4.20463670165,0.942091179737,0.0579088202627,0.442091179737,R,ID,1
Darin M. LaHood,-23.3244661807,6.36668917075,-0.325692384684,-0.778913504382,lahood,darin,60.017674134,10.4314140319,0.851929750924,0.148070249076,0.351929750924,R,IL,18
Doug LaMalfa,-32.5895990686,-0.863734700208,3.03539183411,2.74087393713,lamalfa,doug,69.4730974013,4.33873310047,0.941219001467,0.0587809985334,0.441219001467,R,CA,1
Doug Lamborn,-33.1066560662,-0.274628503269,4.87779943244,2.83645579965,lamborn,doug,70.0977412096,5.89342060826,0.922445973094,0.0775540269062,0.422445973094,R,CO,5
Leonard Lance,-27.883817628,-4.11744136089,-6.76002201519,-3.34990879005,lance,leonard,65.0074228295,4.08527787842,0.940872511328,0.0591274886719,0.440872511328,R,NJ,7
Jim Langevin,38.3383499523,0.1427936893,-2.31194550167,2.88754632779,langevin,jim,2.26139082774,67.4599326155,0.0324347088676,0.967565291132,-0.467565291132,D,RI,2
Rick Larsen,38.0503937135,0.444967657673,-2.1375610908,2.36696175268,larsen,rick,1.69353356756,67.1624652843,0.0245952944668,0.975404705533,-0.475404705533,D,WA,2
John B. Larson,37.0869980369,1.08165172964,-1.50953227001,1.24387682456,larson,john,1.36926140576,66.2411249081,0.0202522346108,0.979747765389,-0.479747765389,D,CT,1
Robert E. Latta,-33.5117031541,-0.799071967477,2.03437368029,3.08663030157,latta,robert,70.3641206471,4.29324927611,0.942493965693,0.0575060343074,0.442493965693,R,OH,5
Brenda Lawrence,39.3001335146,1.03143010107,-0.425695709263,-0.619547054925,lawrence,brenda,0.377539633757,68.5024086197,0.0054811253976,0.994518874602,-0.494518874602,D,MI,14
Al Lawson,12.7464694535,-12.6149017107,6.78759461408,-0.197058127274,lawson,al,29.1314409435,46.0305994023,0.387581827336,0.612418172664,-0.112418172664,D,FL,5
Barbara Lee,38.6059548706,0.833594652497,2.56698200741,-6.52579441613,lee,barbara,1.15124920916,68.4267221403,0.0165461738368,0.983453826163,-0.483453826163,D,CA,13
Sander M. Levin,39.5003349878,0.62037184029,-0.885661497071,-0.718037750803,levin,sander,0.765580703029,68.6117390071,0.01103502854,0.98896497146,-0.48896497146,D,MI,9
John Lewis,38.6142693285,0.597974960759,1.93423194804,-4.99195828332,lewis,john,1.18790637593,68.2375862294,0.0171105213856,0.982889478614,-0.482889478614,D,GA,5
Jason Lewis,-8.74409355586,16.7615511055,2.88467370749,-0.689446605114,lewis,jason,47.7211157069,27.9858509001,0.630339820041,0.369660179959,0.130339820041,R,MN,2
Ted Lieu,35.8114688015,1.29801497737,1.89074113103,-1.6880844653,lieu,ted,3.03724462417,65.4891471989,0.0443222610059,0.955677738994,-0.455677738994,D,CA,33
Daniel Lipinski,31.4738046997,-2.74537963237,-4.56651256093,9.27465534613,lipinski,daniel,11.8131437853,61.3627524383,0.161434904046,0.838565095954,-0.338565095954,D,IL,3
Frank A. LoBiondo,-21.4405412148,-2.93568162211,-13.6798784103,-7.346664741,lobiondo,frank,59.8233756408,8.51145905897,0.875444799181,0.124555200819,0.375444799181,R,NJ,2
Dave Loebsack,37.5464562745,0.559831548275,-3.22663442409,5.54077255109,loebsack,dave,5.05284674371,66.8502288282,0.0702730266198,0.92972697338,-0.42972697338,D,IA,2
Zoe Lofgren,37.8714450759,0.427586251241,2.27074552302,-3.54988657341,lofgren,zoe,2.33276937357,67.5486941147,0.0333818048038,0.966618195196,-0.466618195196,D,CA,19
Billy Long,-30.7389649545,-2.42939171736,0.497002625846,2.03472762919,long,billy,67.5755958727,3.02590076383,0.957141124367,0.0428588756327,0.457141124367,R,MO,7
Barry Loudermilk,-31.599299329,-1.42503581787,5.98235748101,1.68494973319,loudermilk,barry,68.6798271191,4.63988233951,0.936717120488,0.0632828795118,0.436717120488,R,GA,11
Mia Love,-32.7831121306,-0.315727794172,3.75073168917,2.47598181009,love,mia,69.6692123792,4.73060823173,0.936416402716,0.063583597284,0.436416402716,R,UT,4
Alan Lowenthal,39.6752881996,1.95038214296,0.780277221913,-3.88580210528,lowenthal,alan,1.42899910754,69.0772646603,0.020267690148,0.979732309852,-0.479732309852,D,CA,47
Nita M. Lowey,39.1765724581,0.543339032511,-1.46247803945,-0.0628241832344,lowey,nita,0.0,68.226301594,0.0,1.0,-0.5,D,NY,17
Frank D. Lucas,-31.8240224506,-1.5986044178,-6.25583439347,-0.0731978369915,lucas,frank,68.7062800185,0.0,1.0,0.0,0.5,R,OK,3
Blaine Luetkemeyer,-32.2007577802,-1.06523755601,-3.16648226989,0.877121835633,luetkemeyer,blaine,68.916588324,1.7792549315,0.974832255341,0.025167744659,0.474832255341,R,MO,3
Michelle Lujan Grisham,36.6615162,-0.82551393396,-2.66889917261,3.92526372061,grisham,michelle,4.00385723872,65.8494000832,0.0573181178978,0.942681882102,-0.442681882102,D,NM,1
Ben Ray Luján,38.4802698346,0.257396994794,-1.97910984239,1.79878744658,luján,ben,1.17515972315,67.5630834626,0.0170961559197,0.98290384408,-0.48290384408,D,NM,3
Stephen F. Lynch,37.3145097086,0.630142614783,-1.68699402986,1.82641454893,lynch,stephen,1.42562521289,66.4660555768,0.0209985258327,0.979001474167,-0.479001474167,D,MA,8
Tom MacArthur,-26.1540398362,-1.79675171572,-13.5087020391,-4.99095375051,macarthur,tom,64.1382974157,3.4736071358,0.948624326458,0.0513756735421,0.448624326458,R,NJ,3
Carolyn B. Maloney,37.9167122429,0.901449475099,-0.321798552477,-0.395843608983,maloney,carolyn,1.46687648859,67.1621055372,0.0213740091328,0.978625990867,-0.478625990867,D,NY,12
Sean Patrick Maloney,34.4956674421,-1.71114877776,-4.69611153814,8.96533577722,maloney,sean,9.83495105519,64.2106965304,0.132822811007,0.867177188993,-0.367177188993,D,NY,18
Kenny Marchant,-32.2486293136,-0.217143827502,5.00634941877,3.29431910707,marchant,kenny,69.2884852967,5.9820500641,0.920526006153,0.0794739938466,0.420526006153,R,TX,24
Tom Marino,-28.6444696859,-2.53867456865,-7.36668047542,-1.24178968512,marino,tom,65.6795797047,2.861002973,0.958258263043,0.0417417369568,0.458258263043,R,PA,10
Roger Marshall,-9.08407266052,17.3126282679,3.21892461455,-0.0273580892874,marshall,roger,48.2648603812,28.0365586823,0.632555212912,0.367444787088,0.132555212912,R,KS,1
Thomas Massie,-26.6973038489,1.74889853127,14.8529305426,-6.22751817565,massie,thomas,65.2865814568,8.94877624446,0.879453989021,0.120546010979,0.379453989021,R,KY,4
Brian Mast,-7.35306817113,14.5357614852,0.599389285552,-2.39150809358,mast,brian,45.6024952249,28.243891153,0.617531844978,0.382468155022,0.117531844978,R,FL,18
Doris Matsui,39.5276079157,1.68363532717,-0.498106103643,-0.898255134972,matsui,doris,0.706808984872,68.7269264126,0.0101796191841,0.989820380816,-0.489820380816,D,CA,6
Kevin McCarthy,-32.5165720446,-1.42204666624,-1.97890530884,2.11338947741,mccarthy,kevin,69.2850714712,0.0,1.0,0.0,0.5,R,CA,23
Michael McCaul,-32.5966892089,-1.28650403457,0.533488355874,2.64117731142,mccaul,michael,69.3976353445,2.57205608206,0.964261954844,0.0357380451559,0.464261954844,R,TX,10
Tom McClintock,-33.020899079,0.421266214463,8.95546651018,-0.500307392062,mcclintock,tom,70.2869024785,1.16878278218,0.983643249968,0.016356750032,0.483643249968,R,CA,4
Betty McCollum,39.4905920647,0.941429295159,0.253829707214,-1.47752925719,mccollum,betty,0.838473897396,68.7786331362,0.0120440784331,0.987955921567,-0.487955921567,D,MN,4
A. Donald McEachin,14.6914724247,-15.1227922337,6.41575921077,-2.73662446514,mceachin,a.,28.8394621764,48.5900181588,0.372461006474,0.627538993526,-0.127538993526,D,VA,4
Jim McGovern,40.026966052,1.94842933162,2.52654645081,-4.88505289732,mcgovern,jim,1.01716130462,69.7789601256,0.0143674721732,0.985632527827,-0.485632527827,D,MA,2
Patrick T. McHenry,-33.1314416021,-0.972613712245,-0.430564467212,2.33402339602,mchenry,patrick,69.8822040505,1.73956696932,0.97571175713,0.0242882428702,0.47571175713,R,NC,10
David McKinley,-29.3096835345,-1.95863573639,-7.61555618514,-2.13524586998,mckinley,david,66.3194306312,2.1432557797,0.968694541625,0.0313054583753,0.468694541625,R,WV,1
Cathy McMorris Rodgers,-32.8296172262,-0.826779641227,-2.38531724438,1.24133553419,rodgers,cathy,69.5282274445,1.17387770147,0.983396849372,0.0166031506283,0.483396849372,R,WA,5
Jerry McNerney,38.3595789047,0.723938435345,-1.37595402281,0.91279861149,mcnerney,jerry,0.0,67.4864708655,0.0,1.0,-0.5,D,CA,9
Martha McSally,-28.8615523645,-1.16041613088,-6.92525874072,-1.36377260712,mcsally,martha,65.765950691,2.86291990216,0.958284030068,0.0417159699324,0.458284030068,R,AZ,2
Mark Meadows,-32.6178078504,-0.511647805267,7.20414404319,1.50874346195,meadows,mark,69.7697974686,3.37311927566,0.953883172482,0.046116827518,0.453883172482,R,NC,11
Pat Meehan,-25.2756855727,-2.14140189382,-14.1724862036,-5.23430458341,meehan,pat,63.4502375139,4.57925653304,0.93268718815,0.0673128118501,0.43268718815,R,PA,7
Gregory W. Meeks,35.7644556804,-0.329177585299,0.205518581937,0.651304650142,meeks,gregory,3.22694167807,65.1673533756,0.0471814451123,0.952818554888,-0.452818554888,D,NY,5
Grace Meng,38.6153355045,0.257021966897,-0.77859203086,-0.5869511218,meng,grace,1.06741439971,67.7534116012,0.0155100492357,0.984489950764,-0.484489950764,D,NY,6
Luke Messer,-32.8878374332,-0.760248079142,3.57150828554,1.98038137314,messer,luke,69.7484323045,4.38057134262,0.940906107905,0.0590938920949,0.440906107905,R,IN,6
Paul Mitchell,-8.6368775306,16.4066071563,1.67147883411,-1.08489830546,mitchell,paul,47.4214098905,28.0865726891,0.628031742743,0.371968257257,0.128031742743,R,MI,10
John Moolenaar,-31.5624226439,-1.74616739809,-4.85870233373,-0.403711060219,moolenaar,john,68.3495912609,1.466774105,0.978990970136,0.0210090298644,0.478990970136,R,MI,4
Alex Mooney,-31.9031463396,-0.250208337378,5.18819908632,0.781072659641,mooney,alex,68.8103291503,4.49150313806,0.938725909055,0.0612740909448,0.438725909055,R,WV,2
Gwen Moore,37.9553765945,1.03388739402,1.0710843706,-4.25303711927,moore,gwen,2.13863193034,67.4164083323,0.0307473322173,0.969252667783,-0.469252667783,D,WI,4
Seth Moulton,37.7406459936,0.117213461398,-2.3223852559,3.50273835099,moulton,seth,2.89045205387,66.925583341,0.0414009766885,0.958599023311,-0.458599023311,D,MA,6
Markwayne Mullin,-32.9230347679,-0.714370587011,-0.877695307054,2.37128689107,mullin,markwayne,69.6640474194,1.39470137396,0.980372559359,0.019627440641,0.480372559359,R,OK,2
Stephanie Murphy,12.7809832705,-13.2311521231,5.28268900956,-0.491982131538,murphy,stephanie,29.0488173272,46.0895303407,0.386604420097,0.613395579903,-0.113395579903,D,FL,7
Jerrold Nadler,37.7578475012,0.63689740967,1.88216264111,-4.98300879671,nadler,jerrold,1.72086644497,67.3894211098,0.0249002935142,0.975099706486,-0.475099706486,D,NY,10
Grace F. Napolitano,35.99227378,5.43717116872,0.0256572523375,-2.16539399444,napolitano,grace,3.37239261659,65.5655895002,0.0489192243962,0.951080775604,-0.451080775604,D,CA,32
Richard E. Neal,38.9784712443,0.796859085525,-0.276681405529,-0.535859930483,neal,richard,0.59454372995,68.2071729918,0.00864140835837,0.991358591642,-0.491358591642,D,MA,1
Dan Newhouse,-30.3859035057,-2.08893440331,-5.74522149892,-1.60786433959,newhouse,dan,67.2369351645,2.21912964844,0.968049879382,0.0319501206182,0.468049879382,R,WA,4
Kristi Noem,-31.6685182798,-0.375627980229,-3.03451769916,0.85712102174,noem,kristi,68.3508149711,2.12290254267,0.969876677185,0.0301233228155,0.469876677185,R,SD,1
Rick Nolan,37.025430881,0.527378052834,0.865370496104,0.453767943903,nolan,rick,2.65571679325,66.5294856641,0.0383856185849,0.961614381415,-0.461614381415,D,MN,8
Donald W. Norcross,37.2529042161,-0.270210289359,-3.3738399973,4.7274039245,norcross,donald,4.55585585968,66.4305538766,0.064179268632,0.935820731368,-0.435820731368,D,NJ,1
Ralph Norman,-3.19737958378,9.84440936057,6.03195126469,1.00343589554,norman,ralph,41.1575130479,29.6672363565,0.581117665703,0.418882334297,0.081117665703,R,SC,5
Devin Nunes,-31.4113804975,-1.78595066544,-8.03504118268,-1.0958615475,nunes,devin,68.4465929994,0.0,1.0,0.0,0.5,R,CA,22
Tom O'Halleran,12.2680667267,-12.6186282532,5.09801831531,0.0614561377754,o'halleran,tom,29.1509377342,45.4112012004,0.390961661652,0.609038338348,-0.109038338348,D,AZ,1
Beto O'Rourke,37.2462670672,0.24909237205,-0.0627638083289,0.868323695195,o'rourke,beto,1.78644579793,66.594225485,0.026125011124,0.973874988876,-0.473874988876,D,TX,16
Pete Olson,-33.5432451565,-0.627249388729,3.96536819927,3.41825110183,olson,pete,70.5198063979,5.73104698699,0.92483956923,0.07516043077,0.42483956923,R,TX,22
Steven Palazzo,-31.3849791052,-0.609874824654,-1.12062756064,1.25115107273,palazzo,steven,68.0618340743,1.84938407057,0.97354667649,0.0264533235101,0.47354667649,R,MS,4
Frank Pallone,40.0627870797,1.31650728466,1.8036707762,-4.55119775028,pallone,frank,0.0,69.638608786,0.0,1.0,-0.5,D,NJ,6
Gary Palmer,-33.6616655345,-0.179916111236,8.43766366531,1.9974069305,palmer,gary,70.9705211313,3.45731960516,0.953548032955,0.0464519670455,0.453548032955,R,AL,6
Jimmy Panetta,14.8483198765,-15.5196476525,6.09970483157,-2.2376147682,panetta,jimmy,28.8783439982,48.8414659054,0.371569925789,0.628430074211,-0.128430074211,D,CA,20
Bill Pascrell Jr.,38.4006517681,0.865586153629,-1.18529337225,0.707891582917,jr.,bill,0.316369136042,67.5485217087,0.00466174972219,0.995338250278,-0.495338250278,D,NJ,9
Erik Paulsen,-29.814244715,-1.9673601587,-6.10097747195,-1.03615726444,paulsen,erik,66.6941320713,2.26416847163,0.967166121354,0.0328338786455,0.467166121354,R,MN,3
Donald M. Payne Jr.,34.3683115571,-0.64073241815,0.503472670401,-4.12150534499,jr.,donald,4.33442584825,63.7582065999,0.0636548432983,0.936345156702,-0.436345156702,D,NJ,10
Steve Pearce,-31.0408084417,-0.0492170270937,0.888875539455,0.923550116513,pearce,steve,67.7040593595,1.37277544605,0.980126833403,0.0198731665966,0.480126833403,R,NM,2
Nancy Pelosi,36.5328197937,2.23197600363,-0.872381887381,-2.13235424789,pelosi,nancy,0.0,65.711115298,0.0,1.0,-0.5,D,CA,12
Ed Perlmutter,36.4335738207,-0.184595514068,-2.35624961688,2.6669163979,perlmutter,ed,2.92794094561,65.5520675776,0.0427561416645,0.957243858335,-0.457243858335,D,CO,7
Scott Perry,-32.7124082956,0.482133694062,9.58495329718,-0.162258936431,perry,scott,70.0799593033,1.01404733812,0.985736528492,0.014263471508,0.485736528492,R,PA,4
Scott Peters,31.4978549558,-0.498273044768,-5.86380453042,10.8515714824,peters,scott,12.9420657088,61.556467177,0.173722423886,0.826277576114,-0.326277576114,D,CA,52
Collin C. Peterson,10.1408960675,-5.69683903952,-6.28417453109,10.980106398,peterson,collin,30.9939327896,41.4429302743,0.427875138136,0.572124861864,-0.0721248618642,D,MN,7
Chellie Pingree,39.8353344173,1.17158478551,1.03697663541,-2.42097540516,pingree,chellie,2.09711218796,69.2504458864,0.029392907684,0.970607092316,-0.470607092316,D,ME,1
Robert Pittenger,-33.1224521735,-0.711143346251,1.92766094692,3.11271853129,pittenger,robert,69.9704930143,4.13912946518,0.944148555522,0.0558514444778,0.444148555522,R,NC,9
Mark Pocan,39.2046770674,2.55174016934,1.54317623661,-4.96047338802,pocan,mark,1.4961536463,68.808168758,0.021281104705,0.978718895295,-0.478718895295,D,WI,2
Ted Poe,-28.363736265,1.19976752614,3.10892299274,0.42054392004,poe,ted,65.0768508782,4.43989387448,0.93613202272,0.0638679772805,0.43613202272,R,TX,2
Bruce Poliquin,-28.3782117834,-0.639274679378,-5.26293915807,-1.72659961117,poliquin,bruce,65.1239413031,4.06368097625,0.941265780751,0.0587342192487,0.441265780751,R,ME,2
Jared Polis,37.6034550298,0.99597695619,4.54815561195,-1.97318421321,polis,jared,4.12512548656,67.8164972836,0.057339900432,0.942660099568,-0.442660099568,D,CO,2
Bill Posey,-30.7291423185,-2.10660001657,6.60745495995,-1.58272327692,posey,bill,67.8177325081,3.56951656302,0.949997841219,0.0500021587815,0.449997841219,R,FL,8
David E. Price,39.1390948677,0.758526003507,-1.13126348569,-0.880595800628,price,david,0.827291305825,68.2146909673,0.0119824384902,0.98801756151,-0.48801756151,D,NC,4
Mike Quigley,38.4538955324,0.154720092209,-2.67782498302,2.64216324884,quigley,mike,2.24019534737,67.5030281167,0.0321206166864,0.967879383314,-0.467879383314,D,IL,5
Jamie Raskin,15.4979891125,-16.0239424558,6.77404431953,-3.67287442968,raskin,jamie,28.9237566155,49.6476332168,0.368120720242,0.631879279758,-0.131879279758,D,MD,8
John Ratcliffe,-33.9770711919,-0.419748691729,7.09118703408,3.0766068232,ratcliffe,john,71.1985117546,4.98537720801,0.934561266484,0.0654387335157,0.434561266484,R,TX,4
Tom Reed,-28.1886966652,-2.43115950081,-11.1877183698,-3.95687744245,reed,tom,65.7294042047,1.901622231,0.971882398786,0.0281176012138,0.471882398786,R,NY,23
Dave Reichert,-23.7576592247,-1.46978843188,-13.8220717967,-5.16946243848,reichert,dave,61.8511391578,5.3882902494,0.919864128876,0.0801358711236,0.419864128876,R,WA,8
Jim Renacci,-31.130543722,-1.48531784876,-4.53730871461,-0.817054170281,renacci,jim,67.8771739157,2.00009983432,0.971376962394,0.0286230376055,0.471376962394,R,OH,16
Kathleen Rice,36.0170940883,-1.43869340553,-2.36713670383,4.88653160972,rice,kathleen,5.19010680457,65.3686712216,0.0735572093191,0.926442790681,-0.426442790681,D,NY,4
Tom Rice,-32.1359002331,-0.0754570996685,4.01575996877,-0.0484649447919,rice,tom,68.9126540128,3.98296651908,0.945360688475,0.0546393115254,0.445360688475,R,SC,7
Cedric Richmond,36.3732366314,1.89763679048,-1.43953824566,1.09224518808,richmond,cedric,2.28832371759,65.5688312025,0.033722659317,0.966277340683,-0.466277340683,D,LA,2
Martha Roby,-31.3779736265,-0.798894386239,-5.30596234953,0.101980658777,roby,martha,68.1594522166,1.33095457973,0.980846930662,0.0191530693385,0.480846930662,R,AL,2
Phil Roe,-31.540509742,0.390086007874,2.98666262875,2.751933767,roe,phil,68.3821559094,4.156848012,0.942694994592,0.0573050054079,0.442694994592,R,TN,1
Mike D. Rogers,-30.7903040535,-1.07276034226,-4.42213296894,-0.214750647782,rogers,mike,67.524826717,2.17430076779,0.968804476523,0.0311955234771,0.468804476523,R,AL,3
Harold Rogers,-30.6522348147,-1.53506719896,-9.5946101241,-2.10041500411,rogers,harold,67.8535221101,1.20454045425,0.982557569536,0.0174424304639,0.482557569536,R,KY,5
Dana Rohrabacher,-31.152212269,0.914075768378,7.87349610452,-2.93738852459,rohrabacher,dana,68.2652099417,0.0,1.0,0.0,0.5,R,CA,48
Todd Rokita,-32.5086296036,0.267810411615,4.46969933429,0.850910972111,rokita,todd,69.3398686507,4.66786022378,0.936927395358,0.0630726046424,0.436927395358,R,IN,4
Francis Rooney,-7.91142885945,15.6912095966,3.06463075819,-0.815578784131,rooney,francis,46.6227001947,28.0379200398,0.62446173161,0.37553826839,0.12446173161,R,FL,19
Tom Rooney,-29.637572896,-2.43674020801,-2.41417835667,-0.250569940505,rooney,tom,66.3794849957,3.61988224121,0.948286929095,0.0517130709048,0.448286929095,R,FL,17
Ileana Ros-Lehtinen,-20.0101726947,-3.17526152276,-12.2377069435,-4.87749841883,ros-lehtinen,ileana,57.9918498356,8.71434350718,0.869362302502,0.130637697498,0.369362302502,R,FL,27
Jacky Rosen,13.2897589165,-13.8283922029,5.46990187885,-0.728827135415,rosen,jacky,28.9891317151,46.7660338658,0.382668712989,0.617331287011,-0.117331287011,D,NV,3
Peter Roskam,-29.891468849,-1.9331746174,-4.99581932573,-0.957127261666,roskam,peter,66.6927169649,2.49312451356,0.963964816207,0.0360351837932,0.463964816207,R,IL,6
Dennis Ross,-30.7795799038,-3.2430385502,-1.17758680891,0.716589119328,ross,dennis,67.5954478182,2.98769404683,0.957671280027,0.0423287199732,0.457671280027,R,FL,15
Keith Rothfus,-32.946285047,-0.98414220926,1.17698121188,1.63168341919,rothfus,keith,69.6854166558,2.76104539172,0.961888471656,0.0381115283436,0.461888471656,R,PA,12
David Rouzer,-33.7355401703,-0.416581006329,3.93813869644,3.10252180813,rouzer,david,70.6767451279,5.60143335436,0.926565716882,0.0734342831175,0.426565716882,R,NC,7
Lucille Roybal-Allard,39.6516267993,1.68424650178,-0.740805609291,-1.88627986591,roybal-allard,lucille,1.22496871211,68.7869346978,0.0174965777596,0.98250342224,-0.48250342224,D,CA,40
Edward Royce,-31.6112908382,-0.788219404134,-0.57356576055,0.392441114613,royce,edward,68.2583714779,1.07381474049,0.98451203115,0.0154879688505,0.48451203115,R,CA,39
Raul Ruiz,35.0364059129,-1.28377771098,-3.92698948001,8.43642788701,ruiz,raul,8.84235162368,64.7275149785,0.120189855332,0.879810144668,-0.379810144668,D,CA,36
C.A. Dutch Ruppersberger,34.8039188725,-2.11920967919,-4.39407291973,7.60408191438,ruppersberger,c.a.,8.63762255376,64.3136083048,0.118402697968,0.881597302032,-0.381597302032,D,MD,2
Bobby L. Rush,31.5781985817,2.87761653931,0.630412435744,-4.70992126462,rush,bobby,5.81956747176,61.177930058,0.0868624603356,0.913137539664,-0.413137539664,D,IL,1
Steve Russell,-30.7664902376,-0.939100434849,1.04129037915,1.83608033725,russell,steve,67.5178751966,2.28532567951,0.967260445784,0.0327395542157,0.467260445784,R,OK,5
John Rutherford,-7.13717633375,14.354315601,1.20799296369,-1.86353893078,rutherford,john,45.3698126542,28.3106188228,0.615764752523,0.384235247477,0.115764752523,R,FL,4
Tim Ryan,36.9906896896,1.36088277602,-1.44133760514,1.33242581563,ryan,tim,1.56841250303,66.1714510724,0.0231534641531,0.976846535847,-0.476846535847,D,OH,13
Paul D. Ryan,-7.8706203463,-7.32858052513,3.23386116622,0.01575273837,ryan,paul,45.65682132,24.5187769922,0.650608223059,0.349391776941,0.150608223059,R,WI,1
Linda T. Sánchez,39.9925528457,1.23612229009,0.597737550048,-2.81192997734,sánchez,linda,2.11913235238,69.3251570815,0.029661325897,0.970338674103,-0.470338674103,D,CA,38
Mark Sanford,-27.1124074126,1.3295049587,10.2811226533,-7.81775641082,sanford,mark,64.8710556521,6.79023276431,0.905245455191,0.0947545448088,0.405245455191,R,SC,1
John Sarbanes,40.0059529622,1.36456549305,0.662556573553,-2.59949156172,sarbanes,john,2.08259113036,69.3548429367,0.0291526586525,0.970847341348,-0.470847341348,D,MD,3
Steve Scalise,-27.9152138267,-8.0764374855,0.511877467523,0.505663999885,scalise,steve,65.3351952659,8.35401076733,0.886631825514,0.113368174486,0.386631825514,R,LA,1
Jan Schakowsky,39.7980831701,1.36670800995,1.79197608197,-3.68780823705,schakowsky,jan,0.904525560724,69.3644912648,0.0128723241279,0.987127675872,-0.487127675872,D,IL,9
Adam B. Schiff,39.6096235665,0.748153040691,-1.42083996175,0.307627843647,schiff,adam,0.607001214265,68.6815730297,0.00876048065484,0.991239519345,-0.491239519345,D,CA,28
Brad Schneider,13.7937019075,-14.0189506509,5.53463554148,-0.764578858148,schneider,brad,28.7068072279,47.3078081613,0.377648522997,0.622351477003,-0.122351477003,D,IL,10
Kurt Schrader,28.5667828433,-1.00363619842,-1.98948888286,4.3804160163,schrader,kurt,10.549130974,58.0607399766,0.15375529538,0.84624470462,-0.34624470462,D,OR,5
David Schweikert,-32.2314749855,-0.0727000159869,7.683032152,-0.204286361963,schweikert,david,69.3595871036,1.88656823497,0.973520420491,0.0264795795086,0.473520420491,R,AZ,6
Robert C. Scott,39.5621298302,1.23617881887,-0.460309080791,-1.05741984223,scott,robert,0.379576071851,68.7471737944,0.00549101574405,0.994508984256,-0.494508984256,D,VA,3
Austin Scott,-33.2937861702,-0.76165256041,3.26456344166,3.28459661344,scott,austin,70.2223211358,5.10186972597,0.932267845594,0.0677321544062,0.432267845594,R,GA,8
David Scott,34.9148664719,-1.21113973946,-2.93452405487,5.10485742624,scott,david,5.96766863511,64.231624536,0.0850103806682,0.914989619332,-0.414989619332,D,GA,13
F. James Sensenbrenner,-31.9641332412,0.600914291223,9.00261418914,-0.928106344636,sensenbrenner,f.,69.2348084268,0.352742229911,0.994930957814,0.00506904218616,0.494930957814,R,WI,5
José E. Serrano,40.3176727871,1.68583670414,1.01772230033,-4.28891575003,serrano,josé,0.942272677274,69.7476100304,0.013329668139,0.986670331861,-0.486670331861,D,NY,15
Pete Sessions,-33.4124883119,-0.605833472862,2.98837790731,3.28499301206,sessions,pete,70.318222433,4.9827851576,0.933828439791,0.0661715602093,0.433828439791,R,TX,32
Terri Sewell,35.0046979348,-2.22295583518,-3.86900631285,4.59670554712,sewell,terri,6.30284794321,64.1494348666,0.0894626503478,0.910537349652,-0.410537349652,D,AL,7
Carol Shea-Porter,14.8961186333,-15.2965184957,5.82419324144,-1.51331704421,shea-porter,carol,28.6465055815,48.7338339769,0.370203927057,0.629796072943,-0.129796072943,D,NH,1
Brad Sherman,38.4327470476,0.352104871053,-1.55008194074,0.592543859839,sherman,brad,0.525830214446,67.5064797948,0.00772912479929,0.992270875201,-0.492270875201,D,CA,30
John Shimkus,-30.7231176564,-1.82486374987,-9.19404129824,-1.85746053537,shimkus,john,67.8906816358,1.36067578295,0.980351637373,0.0196483626266,0.480351637373,R,IL,15
Bill Shuster,-30.456034527,-2.16521307509,-8.04251542756,-1.45177253719,shuster,bill,67.5182633177,1.08777497474,0.984144617561,0.0158553824389,0.484144617561,R,PA,9
Mike Simpson,-29.1301556598,-2.00751941052,-11.5026810267,-2.85145148547,simpson,mike,66.6567327987,1.48605528705,0.978192038677,0.0218079613235,0.478192038677,R,ID,2
Kyrsten Sinema,19.764703494,-2.81893297239,-7.62102239661,13.1330442682,sinema,kyrsten,23.3806888747,50.7989406802,0.315190154156,0.684809845844,-0.184809845844,D,AZ,9
Albio Sires,36.7928035558,-0.42172555912,-1.49939486145,0.598631434104,sires,albio,1.97009381458,65.8866489223,0.0290331326721,0.970966867328,-0.470966867328,D,NJ,8
Louise M. Slaughter,38.5382493419,2.79109924792,0.121264484396,-3.25893785288,slaughter,louise,2.56727291233,67.8771473197,0.0364439497674,0.963556050233,-0.463556050233,D,NY,25
Jason Smith,-33.6265643312,-0.575295644551,4.58706912896,3.5088640282,smith,jason,70.6530176562,6.24476460381,0.918791356262,0.0812086437382,0.418791356262,R,MO,8
Adrian Smith,-32.8479121406,-1.73824486667,1.49334117198,2.7080259683,smith,adrian,69.7027585088,3.55244362954,0.951505920046,0.048494079954,0.451505920046,R,NE,3
Christopher H. Smith,-23.7580487142,-3.83966567204,-11.4541860845,-7.13864495408,smith,christopher,61.7162149258,6.75464085306,0.901350132458,0.0986498675418,0.401350132458,R,NJ,4
Lamar Smith,-32.8633564688,-1.28728386787,3.1906761451,2.84510875223,smith,lamar,69.7817888018,4.66264561293,0.937367438552,0.0626325614478,0.437367438552,R,TX,21
Adam Smith,34.0434890294,-2.58908243197,-0.0609751067776,-0.79593806285,smith,adam,5.64657075371,63.3832089042,0.081799055157,0.918200944843,-0.418200944843,D,WA,9
Lloyd Smucker,-8.5779470809,16.2407118323,1.00137609814,-1.27101342027,smucker,lloyd,47.2808507172,28.1341305438,0.626942418159,0.373057581841,0.126942418159,R,PA,16
Darren Soto,14.9339674465,-15.6415648336,6.18593227994,-1.999681453,soto,darren,28.9104009957,48.9804525961,0.371165543354,0.628834456646,-0.128834456646,D,FL,9
Jackie Speier,37.818931865,0.350815946912,0.798562057935,-2.02552846855,speier,jackie,2.23261515272,67.2101900283,0.0321504171224,0.967849582878,-0.467849582878,D,CA,14
Elise Stefanik,-24.978614284,-1.63870292551,-14.5078373066,-4.96059349301,stefanik,elise,63.1867332545,4.72989622826,0.930357318019,0.0696426819805,0.430357318019,R,NY,21
Chris Stewart,-32.5271331994,-0.442861474425,2.27234350225,2.24442079787,stewart,chris,69.3215501884,3.46800843088,0.952355688142,0.0476443118583,0.452355688142,R,UT,2
Steve Stivers,-29.0028934532,-2.12130105225,-9.48851768417,-2.43821110777,stivers,steve,66.2435813976,0.68346266743,0.989787944814,0.010212055186,0.489787944814,R,OH,15
Thomas Suozzi,13.1135713664,-13.6413345626,5.30123973151,-0.784746360844,suozzi,thomas,28.988839855,46.5208213687,0.383909017538,0.616090982462,-0.116090982462,D,NY,3
Eric Swalwell,38.1011198945,0.853549356912,-1.17486941672,1.3237588426,swalwell,eric,0.541223965912,67.2912691615,0.00797883051262,0.992021169487,-0.492021169487,D,CA,15
Mark Takano,40.0718801898,1.99061710353,1.15549618624,-4.30966404222,takano,mark,0.965906601979,69.5439855203,0.0136988807231,0.986301119277,-0.486301119277,D,CA,41
Scott Taylor,-8.57969152206,16.6147640112,2.72954378198,-0.511682353604,taylor,scott,47.5142474843,28.0780091903,0.628559717285,0.371440282715,0.128559717285,R,VA,2
Claudia Tenney,-8.03887118805,15.3389298381,0.131334227737,-2.23618744862,tenney,claudia,46.4698407912,28.0947293138,0.623216102846,0.376783897154,0.123216102846,R,NY,22
Mike Thompson,38.2964487358,0.839009921507,-1.73510827191,0.518112668384,thompson,mike,0.0,67.3510358466,0.0,1.0,-0.5,D,CA,5
Bennie Thompson,37.737655425,0.337779876554,-0.883452465652,-0.329693800378,thompson,bennie,1.41688917805,66.8822248272,0.0207453522449,0.979254647755,-0.479254647755,D,MS,2
Glenn Thompson,-30.3069387957,-1.41841542288,-8.18181149474,-2.61044916033,thompson,glenn,67.3389561976,1.78779179587,0.974137481543,0.0258625184572,0.474137481543,R,PA,5
William M. Thornberry,-32.6738109427,-1.07529910512,-3.87540476436,1.22331049267,thornberry,william,69.4317970297,2.12929770724,0.970245037264,0.0297549627359,0.470245037264,R,TX,13
Pat Tiberi,-29.2495489061,-3.31775478484,-7.44419543593,-1.8609169357,tiberi,pat,66.3429118679,2.67562542752,0.961233234833,0.0387667651673,0.461233234833,R,OH,12
Scott Tipton,-32.1122090385,-1.5453277829,1.46121781296,0.506779938628,tipton,scott,68.8390784662,2.05302261881,0.971040178138,0.0289598218616,0.471040178138,R,CO,3
Dina Titus,36.6190348146,0.937221150765,-1.3581108871,0.259297772655,titus,dina,1.74140032358,65.7435346269,0.0258042824647,0.974195717535,-0.474195717535,D,NV,1
Paul Tonko,39.8424591775,1.29039929479,1.11557524259,-3.22844300738,tonko,paul,1.50744206683,69.2736828914,0.0212972323867,0.978702767613,-0.478702767613,D,NY,20
Norma Torres,38.2339019856,0.229535650632,-2.16515796006,2.65363897776,torres,norma,1.97828128358,67.3590248501,0.0285312682867,0.971468731713,-0.471468731713,D,CA,35
Dave Trott,-30.8278258002,-1.99337021777,-6.73120936809,-1.67576193418,trott,dave,67.7483908407,1.55557732519,0.977554282008,0.0224457179921,0.477554282008,R,MI,11
Niki Tsongas,38.0972915648,1.8010044524,0.174924556681,-1.05451095304,tsongas,niki,1.48003761215,67.4336827488,0.0214766755358,0.978523324464,-0.478523324464,D,MA,3
Michael R. Turner,-28.1911050449,-0.890968071433,-11.7476728008,-2.9922932288,turner,michael,65.711115298,0.0,1.0,0.0,0.5,R,OH,10
Fred Upton,-28.441648943,-2.33892424585,-9.95860441678,-3.39166338091,upton,fred,65.7778079298,1.56172221175,0.976808240146,0.0231917598544,0.476808240146,R,MI,6
David Valadao,-29.6091319676,-1.74081517739,-12.112398565,-2.963435455,valadao,david,67.2128672462,1.69319169356,0.975427535407,0.0245724645933,0.475427535407,R,CA,21
Juan Vargas,38.673826361,0.253792316945,-1.84464186544,1.65849339289,vargas,juan,1.0466698798,67.7637762096,0.0152109154828,0.984789084517,-0.484789084517,D,CA,51
Marc Veasey,36.8583985178,0.00213810522234,-2.80771903877,4.41399685903,veasey,marc,4.13314390023,66.0833674879,0.0588628489015,0.941137151098,-0.441137151098,D,TX,33
Filemon Vela,32.5087059624,-1.37315706997,-3.78002815056,8.84258128762,vela,filemon,10.3581634206,62.3558111057,0.142450794198,0.857549205802,-0.357549205802,D,TX,34
Nydia M. Velázquez,40.1519742295,1.67223938775,1.15372768119,-4.57047956276,velázquez,nydia,0.74652360439,69.615252091,0.0106097891506,0.989390210849,-0.489390210849,D,NY,7
Peter J. Visclosky,38.7636305964,1.17380776342,-0.991469052746,-0.595557480146,visclosky,peter,0.886904831493,67.8869662407,0.0128959562355,0.987104043765,-0.487104043765,D,IN,1
Ann Wagner,-30.7976843608,-0.0261810833298,-0.784651518629,1.72708599139,wagner,ann,67.4788784636,2.19230423978,0.968533557854,0.031466442146,0.468533557854,R,MO,2
Tim Walberg,-33.2015142519,-1.03513084254,-0.102326244043,2.37596219249,walberg,tim,69.9604833799,2.05166836966,0.971509414455,0.0284905855445,0.471509414455,R,MI,7
Greg Walden,-30.2679947341,-2.56286504729,-9.11268904171,-2.84091142853,walden,greg,67.4814347621,1.04702188596,0.984721356103,0.0152786438974,0.484721356103,R,OR,2
Mark Walker,-32.6936610175,-0.542289558008,5.58079441712,2.77722439848,walker,mark,69.7549255738,5.32730314384,0.929047082981,0.0709529170195,0.429047082981,R,NC,6
Jackie Walorski,-32.648298197,-0.913472491232,-1.91187762632,1.71871085908,walorski,jackie,69.3673711951,0.660502379013,0.99056800749,0.00943199250959,0.49056800749,R,IN,2
Mimi Walters,-31.3850203485,0.220640663941,-3.69511358876,0.875676031783,walters,mimi,68.0727150909,2.90794366164,0.959031886816,0.0409681131839,0.459031886816,R,CA,45
Tim Walz,35.1419168093,-1.24412430583,-2.66310109928,7.47921357783,walz,tim,7.68122213061,64.8334656973,0.105926431744,0.894073568256,-0.394073568256,D,MN,1
Debbie Wasserman Schultz,36.3424391168,1.1590761017,-0.157854970395,1.35995804748,schultz,debbie,2.43760426958,65.7422768978,0.0357525450008,0.964247454999,-0.464247454999,D,FL,23
Maxine Waters,38.0055589134,0.327367569161,1.38926955774,-3.83472906273,waters,maxine,2.39451451248,67.5038636939,0.0342570825522,0.965742917448,-0.465742917448,D,CA,43
Bonnie Watson Coleman,39.7836022871,1.73887593272,1.62895494793,-4.41087469219,coleman,bonnie,0.553674637813,69.3427967395,0.00792135320858,0.992078646791,-0.492078646791,D,NJ,12
Randy Weber,-33.5649989424,-0.404573649444,5.96829622679,1.57535590913,weber,randy,70.577599685,4.50569043148,0.939990769924,0.0600092300762,0.439990769924,R,TX,14
Daniel Webster,-8.19093634656,16.1414796611,3.56675982741,-0.0952937318348,webster,daniel,47.0908085511,28.0306885657,0.626861955079,0.373138044921,0.126861955079,R,FL,11
Peter Welch,39.0891681597,1.4731744539,2.54010764649,-5.22115938123,welch,peter,0.0,68.8573369134,0.0,1.0,-0.5,D,VT,1
Brad Wenstrup,-33.4113960406,-0.383538422874,3.59860581053,3.48999628962,wenstrup,brad,70.3607475866,5.48385399781,0.927696185579,0.0723038144212,0.427696185579,R,OH,2
Bruce Westerman,-33.5312057618,-0.503277130244,1.54697828411,2.7105892241,westerman,bruce,70.3260740541,3.82911500074,0.948363492164,0.0516365078364,0.448363492164,R,AR,4
Roger Williams,-32.2251358809,0.547613319379,4.47046090338,2.50048776444,williams,roger,69.141179773,5.26099823006,0.929289728187,0.0707102718128,0.429289728187,R,TX,25
Frederica Wilson,37.4918283744,1.20182096038,-0.150058747732,-1.79112404032,wilson,frederica,1.61836511446,66.742602344,0.0236738181835,0.976326181817,-0.476326181817,D,FL,24
Joe Wilson,-33.3804652291,-0.788446055933,0.402495114693,2.83740797999,wilson,joe,70.1663325254,2.7098029332,0.962816319552,0.0371836804483,0.462816319552,R,SC,2
Robert J. Wittman,-33.224574944,-0.566830964954,3.07946512474,2.43387656442,wittman,robert,70.0742106603,4.40362398205,0.94087336181,0.0591266381897,0.44087336181,R,VA,1
Steve Womack,-32.1956001981,-1.08109434585,-6.25082479001,-0.0416110220976,womack,steve,69.0497719403,0.637894599469,0.990846377399,0.00915362260129,0.490846377399,R,AR,3
Rob Woodall,-32.6437496555,-0.423447359595,4.50230467773,0.388924412059,woodall,rob,69.4816028583,4.60740484575,0.937812571817,0.0621874281831,0.437812571817,R,GA,7
John Yarmuth,38.3064761522,0.385563749655,1.77115323472,-2.42688042786,yarmuth,john,2.82835048851,67.8722048233,0.040004643189,0.959995356811,-0.459995356811,D,KY,3
Kevin Yoder,-32.8842365822,-0.568782110629,2.73199146006,1.84237282826,yoder,kevin,69.680427126,3.67378386805,0.949917205594,0.0500827944063,0.449917205594,R,KS,3
Ted Yoho,-31.8151151514,0.816176848318,9.55593991346,-0.897618152574,yoho,ted,69.1644357117,0.355522203326,0.99488604116,0.00511395883987,0.49488604116,R,FL,3
Don Young,-27.3138335894,-1.01515084227,-8.0708500862,-1.87635894204,young,don,64.3336805956,3.09939979431,0.954037398612,0.0459626013877,0.454037398612,R,AK,1
David Young,-31.5963302897,-1.18048207644,-1.52649849226,0.550071679991,young,david,68.270412615,1.88516121377,0.973128846207,0.0268711537927,0.473128846207,R,IA,3
Lee Zeldin,-28.9221029103,-0.120743455788,-6.75304260254,-2.79935294898,zeldin,lee,65.7640422477,3.62868268538,0.947708024308,0.0522919756917,0.447708024308,R,NY,1
Ted Deutch,25.9739420215,16.9250804776,-1.72728993473,0.677072060127,deutch,ted,18.3303290434,58.0097942076,0.24011395663,0.75988604337,-0.25988604337,D,FL,21
Lois Frankel,27.1435611809,17.6988900105,-1.85522480061,0.579495210087,frankel,lois,18.3222191306,59.3137952749,0.236001542208,0.763998457792,-0.263998457792,D,FL,22
George Holding,-21.6782875114,-17.1937859199,7.04869235869,1.42081705555,holding,george,61.9779128683,20.5308113287,0.751167994312,0.248832005688,0.251167994312,R,NC,13
Daniel Webster,-19.4388751917,-16.0413464635,3.07120357463,0.954279986281,webster,daniel,59.0916587237,19.78989737,0.749118826377,0.250881173623,0.249118826377,R,FL,10
